iso_time,chainlink_ts,binance_ts,binance_redis_ts,fair_value_redis_ts,time_to_expiry_ms,time_to_expiry_sec,strike_price,chainlink_price,binance_btcusdc_price,annualized_sigma_5m,annualized_sigma_10m,fair_value_sigma_5m,fair_value_sigma_10m,fair_value_deribit_iv,yes_bid,yes_ask,no_bid,no_ask,f_sigma_5m,g_sigma_5m,f_minus_g_sigma_5m,trade_signal_sigma_5m,f_sigma_10m,g_sigma_10m,f_minus_g_sigma_10m,trade_signal_sigma_10m,f_deribit_iv,g_deribit_iv,f_minus_g_deribit_iv,trade_signal_deribit_iv
2026-05-07T05:45:10.381Z,1778132709000,1778132708428,1778132710381,1778132710381,889619,890,81071.04,81069.91,81084.15,0.211227,0.216419,0.557102,0.555731,0.496757,0.470000,0.500000,0.500000,0.530000,0.057102,,,0,0.055731,,,0,-0.003243,,,0
2026-05-07T05:45:10.394Z,1778132709000,1778132708428,1778132710394,1778132710394,889606,890,81071.04,81069.91,81084.15,0.211227,0.216419,0.557102,0.555731,0.496757,0.470000,0.480000,0.520000,0.530000,0.077102,,,0,0.075731,,,0,0.016757,,,0
2026-05-07T05:45:10.500Z,1778132709000,1778132710417,1778132710500,1778132710500,889500,890,81071.04,81069.91,81071.46,0.211227,0.216419,0.501641,0.501591,0.496757,0.460000,0.480000,0.520000,0.540000,0.021641,,,0,0.021591,,,0,0.016757,,,0
2026-05-07T05:45:10.516Z,1778132709000,1778132710417,1778132710516,1778132710516,889484,889,81071.04,81069.91,81071.46,0.211227,0.216419,0.501641,0.501591,0.496757,0.460000,0.470000,0.530000,0.540000,0.031641,,,0,0.031591,,,0,0.026757,,,0
2026-05-07T05:45:11.414Z,1778132710000,1778132710417,1778132711414,1778132711414,888586,889,81071.04,81069.45,81071.46,0.211227,0.216419,0.501642,0.501592,0.495593,0.440000,0.460000,0.540000,0.560000,0.041642,,,0,0.041592,,,0,0.035593,,,0
2026-05-07T05:45:11.443Z,1778132710000,1778132711411,1778132711443,1778132711443,888557,889,81071.04,81069.45,81071.46,0.211227,0.216419,0.501642,0.501592,0.495593,0.440000,0.450000,0.550000,0.560000,0.051642,,,0,0.051592,,,0,0.045593,,,0
2026-05-07T05:45:12.992Z,1778132711000,1778132712430,1778132712992,1778132712992,887008,887,81071.04,81061.30,81069.27,0.211227,0.216419,0.492025,0.492205,0.474977,0.440000,0.450000,0.550000,0.560000,0.042025,,,0,0.042205,,,0,0.024977,,,0
2026-05-07T05:45:13.680Z,1778132712000,1778132713308,1778132713680,1778132713680,886320,886,81071.04,81060.85,81069.27,0.211227,0.216419,0.492022,0.492202,0.473834,0.440000,0.450000,0.550000,0.560000,0.042022,,,0,0.042202,,,0,0.023834,,,0
2026-05-07T05:45:14.083Z,1778132713000,1778132713308,1778132714083,1778132714083,885917,886,81071.04,81061.10,81069.27,0.211227,0.216419,0.492020,0.492201,0.474444,0.440000,0.450000,0.550000,0.560000,0.042020,,,0,0.042201,,,0,0.024444,,,0
2026-05-07T05:45:15.248Z,1778132714000,1778132714358,1778132715248,1778132715248,884752,885,81071.04,81061.06,81069.27,0.211227,0.216419,0.492015,0.492196,0.474336,0.440000,0.450000,0.550000,0.560000,0.042015,,,0,0.042196,,,0,0.024336,,,0
2026-05-07T05:45:16.701Z,1778132715000,1778132716421,1778132716701,1778132716701,883299,883,81071.04,81060.97,81069.27,0.211227,0.216419,0.492009,0.492190,0.474079,0.430000,0.440000,0.560000,0.570000,0.052009,0.044885,0.007123,0,0.052190,0.044663,0.007527,0,0.034079,0.023580,0.010499,0
2026-05-07T05:45:17.201Z,1778132716000,1778132716421,1778132717201,1778132717201,882799,883,81071.04,81060.98,81069.27,0.211227,0.216419,0.492007,0.492188,0.474092,0.430000,0.440000,0.560000,0.570000,0.052007,0.044376,0.007631,0,0.052188,0.044309,0.007879,0,0.034092,0.027313,0.006779,0
2026-05-07T05:45:17.528Z,1778132716000,1778132717408,1778132717528,1778132717528,882472,882,81071.04,81060.98,81064.79,0.211227,0.216419,0.472296,0.472949,0.474087,0.410000,0.440000,0.560000,0.590000,0.032296,0.041866,-0.009570,0,0.032949,0.041955,-0.009006,0,0.034087,0.029046,0.005041,0
2026-05-07T05:45:17.603Z,1778132716000,1778132717408,1778132717603,1778132717603,882397,882,81071.04,81060.98,81064.79,0.211227,0.216419,0.472295,0.472948,0.474086,0.410000,0.420000,0.580000,0.590000,0.052295,0.042932,0.009363,0,0.052948,0.043091,0.009857,0,0.054086,0.030779,0.023307,0
2026-05-07T05:45:17.953Z,1778132716000,1778132717408,1778132717953,1778132717953,882047,882,81071.04,81060.98,81064.79,0.211227,0.216419,0.472290,0.472943,0.474081,0.400000,0.410000,0.590000,0.600000,0.062290,0.044997,0.017292,0,0.062943,0.045226,0.017716,0,0.064081,0.033512,0.030569,1
2026-05-07T05:45:18.422Z,1778132717000,1778132717408,1778132718422,1778132718422,881578,882,81071.04,81060.58,81064.79,0.211227,0.216419,0.472282,0.472935,0.473067,0.380000,0.400000,0.600000,0.620000,0.072282,0.047062,0.025220,0,0.072935,0.047361,0.025574,0,0.073067,0.036361,0.036706,1
2026-05-07T05:45:18.585Z,1778132717000,1778132718420,1778132718585,1778132718585,881415,881,81071.04,81060.58,81061.36,0.211227,0.216419,0.457224,0.458235,0.473064,0.380000,0.390000,0.610000,0.620000,0.067224,0.049126,0.018098,0,0.068235,0.049496,0.018740,0,0.083064,0.039108,0.043956,1
2026-05-07T05:45:19.259Z,1778132718000,1778132718420,1778132719259,1778132719259,880741,881,81071.04,81057.95,81061.36,0.211227,0.216419,0.457207,0.458219,0.466387,0.370000,0.390000,0.610000,0.630000,0.067207,0.051646,0.015562,0,0.068219,0.052099,0.016121,0,0.076387,0.044917,0.031470,1
2026-05-07T05:45:20.473Z,1778132719000,1778132720408,1778132720473,1778132720473,879527,880,81071.04,81050.62,81056.74,0.211227,0.216419,0.436933,0.438423,0.447836,0.370000,0.380000,0.620000,0.630000,0.056933,0.054164,0.002769,0,0.058423,0.054700,0.003723,0,0.067836,0.050172,0.017664,0
2026-05-07T05:45:21.089Z,1778132720000,1778132720408,1778132721089,1778132721089,878911,879,81071.04,81050.62,81056.74,0.211227,0.216419,0.436911,0.438402,0.447820,0.370000,0.380000,0.620000,0.630000,0.056911,0.055656,0.001256,0,0.058402,0.056323,0.002079,0,0.067820,0.054511,0.013308,0
2026-05-07T05:45:22.297Z,1778132721000,1778132721430,1778132722297,1778132722297,877703,878,81071.04,81050.62,81056.74,0.211227,0.216419,0.436869,0.438360,0.447787,0.370000,0.380000,0.620000,0.630000,0.056869,0.057145,-0.000277,0,0.058360,0.057943,0.000417,0,0.067787,0.058860,0.008927,0
2026-05-07T05:45:24.766Z,1778132723000,1778132723398,1778132724766,1778132724766,875234,875,81071.04,81049.72,81056.74,0.211227,0.216419,0.436781,0.438275,0.445431,0.370000,0.380000,0.620000,0.630000,0.056781,0.057631,-0.000850,0,0.058275,0.058560,-0.000286,0,0.065431,0.062231,0.003200,0
2026-05-07T05:45:25.338Z,1778132724000,1778132723398,1778132725338,1778132725338,874662,875,81071.04,81049.72,81056.74,0.211227,0.216419,0.436761,0.438255,0.445416,0.370000,0.380000,0.620000,0.630000,0.056761,0.058109,-0.001348,0,0.058255,0.059169,-0.000914,0,0.065416,0.065365,0.000052,0
2026-05-07T05:45:26.621Z,1778132725000,1778132726324,1778132726621,1778132726621,873379,873,81071.04,81049.72,81056.74,0.211227,0.216419,0.436715,0.438210,0.445377,0.370000,0.380000,0.620000,0.630000,0.056715,0.060555,-0.003840,0,0.058210,0.061699,-0.003489,0,0.065377,0.068497,-0.003121,0
2026-05-07T05:45:27.271Z,1778132726000,1778132726324,1778132727271,1778132727271,872729,873,81071.04,81049.72,81056.74,0.211227,0.216419,0.436692,0.438187,0.445357,0.370000,0.380000,0.620000,0.630000,0.056692,0.060997,-0.004306,0,0.058187,0.062226,-0.004038,0,0.065357,0.069627,-0.004270,0
2026-05-07T05:45:28.535Z,1778132727000,1778132728333,1778132728535,1778132728535,871465,871,81071.04,81049.72,81056.74,0.211227,0.216419,0.436647,0.438143,0.445317,0.370000,0.380000,0.620000,0.630000,0.056647,0.060437,-0.003791,0,0.058143,0.061750,-0.003607,0,0.065317,0.069754,-0.004437,0
2026-05-07T05:45:29.574Z,1778132728000,1778132729383,1778132729574,1778132729574,870426,870,81071.04,81049.72,81056.74,0.211227,0.216419,0.436609,0.438107,0.445285,0.370000,0.380000,0.620000,0.630000,0.056609,0.058874,-0.002265,0,0.058107,0.060271,-0.002164,0,0.065285,0.068979,-0.003694,0
2026-05-07T05:45:30.377Z,1778132729000,1778132729383,1778132730377,1778132730377,869623,870,81071.04,81049.72,81056.74,0.211227,0.216419,0.436581,0.438079,0.445260,0.370000,0.380000,0.620000,0.630000,0.056581,0.057812,-0.001232,0,0.058079,0.059258,-0.001179,0,0.065260,0.067201,-0.001941,0
2026-05-07T05:45:30.719Z,1778132729000,1778132730380,1778132730719,1778132730719,869281,869,81071.04,81049.72,81056.74,0.211227,0.216419,0.436568,0.438067,0.445250,0.360000,0.370000,0.630000,0.640000,0.066568,0.056750,0.009818,0,0.068067,0.058244,0.009823,0,0.075250,0.066089,0.009161,0
2026-05-07T05:45:31.613Z,1778132730000,1778132730380,1778132731613,1778132731613,868387,868,81071.04,81049.50,81056.74,0.211227,0.216419,0.436536,0.438035,0.444680,0.360000,0.370000,0.630000,0.640000,0.066536,0.057713,0.008823,0,0.068035,0.059209,0.008827,0,0.074680,0.066830,0.007850,0
2026-05-07T05:45:32.174Z,1778132731000,1778132730380,1778132732174,1778132732174,867826,868,81071.04,81049.39,81056.74,0.211227,0.216419,0.436516,0.438016,0.444370,0.360000,0.370000,0.630000,0.640000,0.066516,0.058676,0.007840,0,0.068016,0.060172,0.007844,0,0.074370,0.067516,0.006854,0
2026-05-07T05:45:33.586Z,1778132732000,1778132733413,1778132733586,1778132733586,866414,866,81071.04,81049.27,81056.74,0.211227,0.216419,0.436465,0.437966,0.444025,0.360000,0.370000,0.630000,0.640000,0.066465,0.059641,0.006824,0,0.067966,0.061137,0.006829,0,0.074025,0.068174,0.005851,0
2026-05-07T05:45:34.203Z,1778132733000,1778132733413,1778132734203,1778132734203,865797,866,81071.04,81049.24,81056.74,0.211227,0.216419,0.436443,0.437944,0.443937,0.360000,0.370000,0.630000,0.640000,0.066443,0.060609,0.005834,0,0.067944,0.062107,0.005838,0,0.073937,0.069034,0.004903,0
2026-05-07T05:45:35.433Z,1778132734000,1778132735377,1778132735433,1778132735433,864567,865,81071.04,81049.42,81056.74,0.211227,0.216419,0.436398,0.437901,0.444349,0.360000,0.370000,0.630000,0.640000,0.066398,0.061577,0.004821,0,0.067901,0.063076,0.004825,0,0.074349,0.069886,0.004463,0
2026-05-07T05:45:36.826Z,1778132735000,1778132736408,1778132736826,1778132736826,863174,863,81071.04,81049.43,81056.74,0.211227,0.216419,0.436348,0.437852,0.444324,0.360000,0.370000,0.630000,0.640000,0.066348,0.062545,0.003802,0,0.067852,0.064045,0.003807,0,0.074324,0.070783,0.003541,0
2026-05-07T05:45:37.442Z,1778132736000,1778132737408,1778132737442,1778132737442,862558,863,81071.04,81049.44,81056.74,0.211227,0.216419,0.436325,0.437830,0.444339,0.360000,0.370000,0.630000,0.640000,0.066325,0.063511,0.002814,0,0.067830,0.065011,0.002819,0,0.074339,0.071680,0.002659,0
2026-05-07T05:45:38.509Z,1778132737000,1778132738429,1778132738509,1778132738509,861491,861,81071.04,81049.57,81056.74,0.211227,0.216419,0.436287,0.437792,0.444644,0.360000,0.370000,0.630000,0.640000,0.066287,0.064479,0.001808,0,0.067792,0.065980,0.001812,0,0.074644,0.072582,0.002062,0
2026-05-07T05:45:39.494Z,1778132738000,1778132739383,1778132739494,1778132739494,860506,861,81071.04,81049.57,81056.74,0.211227,0.216419,0.436251,0.437757,0.444613,0.360000,0.370000,0.630000,0.640000,0.066251,0.065447,0.000804,0,0.067757,0.066948,0.000809,0,0.074613,0.073518,0.001095,0
2026-05-07T05:45:40.370Z,1778132739000,1778132739383,1778132740370,1778132740370,859630,860,81071.04,81049.58,81056.74,0.211227,0.216419,0.436219,0.437726,0.444595,0.360000,0.370000,0.630000,0.640000,0.066219,0.066414,-0.000195,0,0.067726,0.067916,-0.000190,0,0.074595,0.074453,0.000142,0
2026-05-07T05:45:41.850Z,1778132740000,1778132741408,1778132741850,1778132741850,858150,858,81071.04,81049.58,81056.74,0.211227,0.216419,0.436165,0.437673,0.444548,0.360000,0.370000,0.630000,0.640000,0.066165,0.066379,-0.000214,0,0.067673,0.067882,-0.000209,0,0.074548,0.074388,0.000161,0
2026-05-07T05:45:42.647Z,1778132741000,1778132742331,1778132742647,1778132742647,857353,857,81071.04,81042.43,81056.74,0.211227,0.216419,0.436135,0.437644,0.426344,0.360000,0.370000,0.630000,0.640000,0.066135,0.066342,-0.000206,0,0.067644,0.067845,-0.000201,0,0.056344,0.074374,-0.018030,0
2026-05-07T05:45:43.441Z,1778132742000,1778132742331,1778132743441,1778132743441,856559,857,81071.04,81049.30,81056.74,0.211227,0.216419,0.436106,0.437616,0.443798,0.360000,0.370000,0.630000,0.640000,0.066106,0.066303,-0.000197,0,0.067616,0.067808,-0.000193,0,0.073798,0.072572,0.001226,0
2026-05-07T05:45:44.186Z,1778132743000,1778132742331,1778132744186,1778132744186,855814,856,81071.04,81049.58,81056.74,0.211227,0.216419,0.436079,0.437589,0.444476,0.360000,0.370000,0.630000,0.640000,0.066079,0.066268,-0.000189,0,0.067589,0.067773,-0.000184,0,0.074476,0.072549,0.001927,0
2026-05-07T05:45:45.738Z,1778132744000,1778132745431,1778132745738,1778132745738,854262,854,81071.04,81049.25,81056.74,0.211227,0.216419,0.436022,0.437533,0.443600,0.360000,0.370000,0.630000,0.640000,0.066022,0.066231,-0.000210,0,0.067533,0.067738,-0.000205,0,0.073600,0.072603,0.000997,0
2026-05-07T05:45:46.398Z,1778132745000,1778132745431,1778132746398,1778132746398,853602,854,81071.04,81049.47,81056.74,0.211227,0.216419,0.435997,0.437509,0.444132,0.360000,0.370000,0.630000,0.640000,0.065997,0.066194,-0.000196,0,0.067509,0.067701,-0.000192,0,0.074132,0.072528,0.001604,0
2026-05-07T05:45:47.194Z,1778132746000,1778132746430,1778132747194,1778132747194,852806,853,81071.04,81049.47,81056.74,0.211227,0.216419,0.435968,0.437481,0.444098,0.360000,0.370000,0.630000,0.640000,0.065968,0.066158,-0.000191,0,0.067481,0.067667,-0.000186,0,0.074098,0.072509,0.001589,0
2026-05-07T05:45:48.296Z,1778132747000,1778132747415,1778132748296,1778132748296,851704,852,81071.04,81049.43,81056.74,0.211227,0.216419,0.435927,0.437441,0.443956,0.360000,0.370000,0.630000,0.640000,0.065927,0.066123,-0.000196,0,0.067441,0.067632,-0.000191,0,0.073956,0.072485,0.001471,0
2026-05-07T05:45:49.220Z,1778132748000,1778132747415,1778132749220,1778132749220,850780,851,81071.04,81049.56,81056.74,0.211227,0.216419,0.435893,0.437407,0.444278,0.360000,0.370000,0.630000,0.640000,0.065893,0.066087,-0.000194,0,0.067407,0.067597,-0.000189,0,0.074278,0.072416,0.001862,0
2026-05-07T05:45:50.213Z,1778132749000,1778132749430,1778132750213,1778132750213,849787,850,81071.04,81049.58,81065.27,0.211227,0.216419,0.473927,0.474541,0.444279,0.370000,0.380000,0.620000,0.630000,0.093927,0.066051,0.027876,0,0.094541,0.067562,0.026979,0,0.064279,0.072382,-0.008103,0
2026-05-07T05:45:51.270Z,1778132750000,1778132750358,1778132751270,1778132751270,848730,849,81071.04,81050.10,81066.02,0.211227,0.216419,0.477273,0.477807,0.445577,0.370000,0.380000,0.620000,0.630000,0.097273,0.068822,0.028451,0,0.097807,0.070243,0.027564,0,0.065577,0.071351,-0.005774,0
2026-05-07T05:45:52.485Z,1778132751000,1778132752413,1778132752485,1778132752485,847515,848,81071.04,81050.10,81066.02,0.211227,0.216419,0.477257,0.477791,0.445555,0.390000,0.400000,0.600000,0.610000,0.077257,0.071933,0.005324,0,0.077791,0.073257,0.004535,0,0.045555,0.070454,-0.024899,0
2026-05-07T05:45:53.150Z,1778132752000,1778132752413,1778132753150,1778132753150,846850,847,81071.04,81050.57,81066.02,0.211227,0.216419,0.477248,0.477783,0.446728,0.390000,0.400000,0.600000,0.610000,0.077248,0.073045,0.004203,0,0.077783,0.074272,0.003511,0,0.046728,0.069375,-0.022647,0
2026-05-07T05:45:54.322Z,1778132753000,1778132753410,1778132754322,1778132754322,845678,846,81071.04,81050.62,81066.02,0.211227,0.216419,0.477233,0.477768,0.446823,0.390000,0.400000,0.600000,0.610000,0.077233,0.074159,0.003074,0,0.077768,0.075288,0.002480,0,0.046823,0.066668,-0.019845,0
2026-05-07T05:45:55.604Z,1778132754000,1778132755403,1778132755604,1778132755604,844396,844,81071.04,81052.68,81066.02,0.211227,0.216419,0.477216,0.477751,0.452089,0.390000,0.400000,0.600000,0.610000,0.077216,0.075275,0.001941,0,0.077751,0.076306,0.001445,0,0.052089,0.063903,-0.011814,0
2026-05-07T05:45:56.176Z,1778132755000,1778132755403,1778132756176,1778132756176,843824,844,81071.04,81050.72,81066.02,0.211227,0.216419,0.477208,0.477744,0.447023,0.390000,0.400000,0.600000,0.610000,0.077208,0.076394,0.000814,0,0.077744,0.077328,0.000416,0,0.047023,0.061751,-0.014728,0
2026-05-07T05:45:57.391Z,1778132756000,1778132756301,1778132757391,1778132757391,842609,843,81071.04,81050.72,81066.02,0.211227,0.216419,0.477192,0.477728,0.446981,0.390000,0.400000,0.600000,0.610000,0.077192,0.077515,-0.000323,0,0.077728,0.078351,-0.000623,0,0.046981,0.059040,-0.012060,0
2026-05-07T05:45:58.002Z,1778132757000,1778132756301,1778132758002,1778132758002,841998,842,81071.04,81050.72,81066.02,0.211227,0.216419,0.477184,0.477720,0.446969,0.390000,0.400000,0.600000,0.610000,0.077184,0.078637,-0.001453,0,0.077720,0.079376,-0.001656,0,0.046969,0.056329,-0.009360,0
2026-05-07T05:45:59.243Z,1778132758000,1778132758366,1778132759243,1778132759243,840757,841,81071.04,81050.62,81066.02,0.211227,0.216419,0.477168,0.477704,0.446674,0.390000,0.400000,0.600000,0.610000,0.077168,0.079763,-0.002596,0,0.077704,0.080404,-0.002700,0,0.046674,0.053630,-0.006956,0
2026-05-07T05:46:00.449Z,1778132759000,1778132759418,1778132760449,1778132760449,839551,840,81071.04,81050.74,81066.02,0.211227,0.216419,0.477152,0.477689,0.446940,0.390000,0.400000,0.600000,0.610000,0.077152,0.080891,-0.003739,0,0.077689,0.081434,-0.003745,0,0.046940,0.050870,-0.003929,0
2026-05-07T05:46:00.994Z,1778132760000,1778132759418,1778132760994,1778132760994,839006,839,81071.04,81050.74,81066.02,0.211227,0.216419,0.477144,0.477682,0.446923,0.390000,0.400000,0.600000,0.610000,0.077144,0.079213,-0.002069,0,0.077682,0.079749,-0.002067,0,0.046923,0.049136,-0.002212,0
2026-05-07T05:46:01.913Z,1778132760000,1778132761431,1778132761913,1778132761913,838087,838,81071.04,81050.74,81066.02,0.211227,0.216419,0.477132,0.477670,0.446895,0.390000,0.410000,0.590000,0.610000,0.067132,0.077200,-0.010068,0,0.067670,0.077736,-0.010067,0,0.036895,0.047271,-0.010376,0
2026-05-07T05:46:01.943Z,1778132760000,1778132761431,1778132761943,1778132761943,838057,838,81071.04,81050.74,81066.02,0.211227,0.216419,0.477132,0.477669,0.446894,0.400000,0.410000,0.590000,0.600000,0.067132,0.076188,-0.009056,0,0.067669,0.076724,-0.009055,0,0.036894,0.046405,-0.009510,0
2026-05-07T05:46:02.212Z,1778132761000,1778132761431,1778132762212,1778132762212,837788,838,81071.04,81052.71,81066.02,0.211227,0.216419,0.477128,0.477666,0.451983,0.400000,0.410000,0.590000,0.600000,0.067128,0.075176,-0.008048,0,0.067666,0.075712,-0.008047,0,0.041983,0.045421,-0.003438,0
2026-05-07T05:46:03.656Z,1778132762000,1778132763367,1778132763656,1778132763656,836344,836,81071.04,81054.17,81066.02,0.211227,0.216419,0.477109,0.477647,0.455718,0.400000,0.410000,0.590000,0.600000,0.067109,0.074166,-0.007057,0,0.067647,0.074702,-0.007056,0,0.045718,0.044937,0.000781,0
2026-05-07T05:46:04.335Z,1778132763000,1778132763367,1778132764335,1778132764335,835665,836,81071.04,81054.96,81066.02,0.211227,0.216419,0.477100,0.477638,0.457747,0.400000,0.410000,0.590000,0.600000,0.067100,0.073155,-0.006055,0,0.067638,0.073692,-0.006054,0,0.047747,0.044300,0.003447,0
2026-05-07T05:46:05.600Z,1778132764000,1778132765431,1778132765600,1778132765600,834400,834,81071.04,81055.78,81066.02,0.211227,0.216419,0.477083,0.477621,0.459852,0.400000,0.410000,0.590000,0.600000,0.067083,0.072144,-0.005061,0,0.067621,0.072681,-0.005060,0,0.049852,0.044372,0.005480,0
2026-05-07T05:46:06.217Z,1778132765000,1778132765431,1778132766217,1778132766217,833783,834,81071.04,81055.78,81066.02,0.211227,0.216419,0.477074,0.477613,0.459838,0.400000,0.410000,0.590000,0.600000,0.067074,0.071133,-0.004059,0,0.067613,0.071670,-0.004057,0,0.049838,0.044660,0.005178,0
2026-05-07T05:46:07.428Z,1778132766000,1778132766358,1778132767428,1778132767428,832572,833,81071.04,81055.82,81066.02,0.211227,0.216419,0.477058,0.477597,0.459907,0.400000,0.410000,0.590000,0.600000,0.067058,0.070122,-0.003064,0,0.067597,0.070660,-0.003063,0,0.049907,0.044946,0.004960,0
2026-05-07T05:46:08.628Z,1778132767000,1778132766358,1778132768628,1778132768628,831372,831,81071.04,81056.02,81066.02,0.211227,0.216419,0.477042,0.477581,0.460412,0.400000,0.410000,0.590000,0.600000,0.067042,0.069111,-0.002069,0,0.067581,0.069649,-0.002068,0,0.050412,0.045270,0.005143,0
2026-05-07T05:46:09.271Z,1778132768000,1778132766358,1778132769271,1778132769271,830729,831,81071.04,81056.00,81066.02,0.211227,0.216419,0.477033,0.477573,0.460346,0.400000,0.410000,0.590000,0.600000,0.067033,0.068100,-0.001067,0,0.067573,0.068638,-0.001065,0,0.050346,0.045617,0.004729,0
2026-05-07T05:46:10.381Z,1778132769000,1778132769370,1778132770381,1778132770381,829619,830,81071.04,81056.01,81066.02,0.211227,0.216419,0.477018,0.477558,0.460344,0.400000,0.410000,0.590000,0.600000,0.067018,0.067089,-0.000071,0,0.067558,0.067627,-0.000069,0,0.050344,0.045959,0.004385,0
2026-05-07T05:46:11.566Z,1778132770000,1778132770428,1778132771566,1778132771566,828434,828,81071.04,81056.01,81066.02,0.211227,0.216419,0.477002,0.477543,0.460326,0.400000,0.410000,0.590000,0.600000,0.067002,0.067078,-0.000076,0,0.067543,0.067616,-0.000074,0,0.050326,0.047304,0.003022,0
2026-05-07T05:46:12.156Z,1778132771000,1778132770428,1778132772156,1778132772156,827844,828,81071.04,81056.07,81066.02,0.211227,0.216419,0.476994,0.477535,0.460458,0.400000,0.410000,0.590000,0.600000,0.066994,0.067065,-0.000071,0,0.067535,0.067604,-0.000069,0,0.050458,0.048647,0.001811,0
2026-05-07T05:46:13.406Z,1778132772000,1778132772401,1778132773406,1778132773406,826594,827,81071.04,81054.74,81066.02,0.211227,0.216419,0.476977,0.477518,0.456948,0.400000,0.410000,0.590000,0.600000,0.066977,0.067051,-0.000074,0,0.067518,0.067591,-0.000073,0,0.046948,0.049495,-0.002547,0
2026-05-07T05:46:14.681Z,1778132773000,1778132774404,1778132774681,1778132774681,825319,825,81071.04,81054.84,81066.02,0.211227,0.216419,0.476959,0.477501,0.457185,0.400000,0.410000,0.590000,0.600000,0.066959,0.067038,-0.000079,0,0.067501,0.067578,-0.000077,0,0.047185,0.049618,-0.002432,0
2026-05-07T05:46:15.290Z,1778132774000,1778132774404,1778132775290,1778132775290,824710,825,81071.04,81054.70,81066.02,0.211227,0.216419,0.476951,0.477493,0.456801,0.400000,0.410000,0.590000,0.600000,0.066951,0.067024,-0.000073,0,0.067493,0.067564,-0.000071,0,0.046801,0.049562,-0.002760,0
2026-05-07T05:46:16.498Z,1778132775000,1778132776396,1778132776498,1778132776498,823502,824,81071.04,81054.49,81066.02,0.211227,0.216419,0.476934,0.477477,0.456238,0.400000,0.410000,0.590000,0.600000,0.066934,0.067011,-0.000076,0,0.067477,0.067551,-0.000074,0,0.046238,0.049257,-0.003019,0
2026-05-07T05:46:17.199Z,1778132776000,1778132776396,1778132777199,1778132777199,822801,823,81071.04,81054.50,81066.02,0.211227,0.216419,0.476925,0.477467,0.456244,0.400000,0.410000,0.590000,0.600000,0.066925,0.066997,-0.000072,0,0.067467,0.067538,-0.000070,0,0.046244,0.048897,-0.002653,0
2026-05-07T05:46:18.311Z,1778132777000,1778132777291,1778132778311,1778132778311,821689,822,81071.04,81054.52,81066.02,0.211227,0.216419,0.476910,0.477452,0.456268,0.400000,0.410000,0.590000,0.600000,0.066910,0.066984,-0.000074,0,0.067452,0.067525,-0.000072,0,0.046268,0.048530,-0.002263,0
2026-05-07T05:46:19.428Z,1778132778000,1778132778359,1778132779428,1778132779428,820572,821,81071.04,81054.49,81066.02,0.211227,0.216419,0.476894,0.477437,0.456145,0.400000,0.410000,0.590000,0.600000,0.066894,0.066970,-0.000076,0,0.067437,0.067512,-0.000074,0,0.046145,0.048116,-0.001970,0
2026-05-07T05:46:19.646Z,1778132778000,1778132779430,1778132779646,1778132779646,820354,820,81071.04,81054.49,81051.43,0.211227,0.216419,0.410977,0.413068,0.456140,0.390000,0.410000,0.590000,0.610000,0.000977,0.066956,-0.065979,0,0.003068,0.067498,-0.064430,0,0.046140,0.047696,-0.001556,0
2026-05-07T05:46:19.671Z,1778132778000,1778132779430,1778132779671,1778132779671,820329,820,81071.04,81054.49,81051.43,0.211227,0.216419,0.410976,0.413067,0.456139,0.390000,0.400000,0.600000,0.610000,0.010976,0.060352,-0.049376,0,0.013067,0.061049,-0.047982,0,0.056139,0.047275,0.008864,0
2026-05-07T05:46:19.677Z,1778132778000,1778132779430,1778132779677,1778132779677,820323,820,81071.04,81054.49,81051.43,0.211227,0.216419,0.410976,0.413067,0.456139,0.370000,0.400000,0.600000,0.630000,0.010976,0.054750,-0.043774,0,0.013067,0.055602,-0.042535,0,0.056139,0.047857,0.008282,0
2026-05-07T05:46:20.726Z,1778132779000,1778132780426,1778132780726,1778132780726,819274,819,81071.04,81054.44,81051.43,0.211227,0.216419,0.410920,0.413012,0.455975,0.370000,0.400000,0.600000,0.630000,0.010920,0.049148,-0.038228,0,0.013012,0.050155,-0.037143,0,0.055975,0.048425,0.007550,0
2026-05-07T05:46:20.872Z,1778132779000,1778132780426,1778132780872,1778132780872,819128,819,81071.04,81054.44,81051.43,0.211227,0.216419,0.410912,0.413005,0.455971,0.360000,0.370000,0.630000,0.640000,0.040912,0.043542,-0.002630,0,0.043005,0.044704,-0.001700,0,0.085971,0.049327,0.036644,1
2026-05-07T05:46:21.577Z,1778132780000,1778132781430,1778132781577,1778132781577,818423,818,81071.04,81049.72,81051.43,0.211227,0.216419,0.410875,0.412968,0.443608,0.350000,0.360000,0.640000,0.650000,0.050875,0.040938,0.009937,0,0.052968,0.042255,0.010713,0,0.083608,0.053206,0.030402,1
2026-05-07T05:46:22.187Z,1778132781000,1778132781430,1778132782187,1778132782187,817813,818,81071.04,81047.47,81051.43,0.211227,0.216419,0.410842,0.412936,0.437735,0.330000,0.360000,0.640000,0.670000,0.050842,0.039330,0.011512,0,0.052936,0.040802,0.012134,0,0.077735,0.056887,0.020848,0
2026-05-07T05:46:22.697Z,1778132781000,1778132782431,1778132782697,1778132782697,817303,817,81071.04,81047.47,81051.43,0.211227,0.216419,0.410815,0.412910,0.437716,0.330000,0.340000,0.660000,0.670000,0.070815,0.037721,0.033094,1,0.072910,0.039348,0.033562,1,0.097716,0.060036,0.037680,1
2026-05-07T05:46:23.802Z,1778132782000,1778132782431,1778132783802,1778132783802,816198,816,81071.04,81045.96,81051.43,0.211227,0.216419,0.410756,0.412852,0.433722,0.330000,0.340000,0.660000,0.670000,0.070756,0.038110,0.032646,1,0.072852,0.039892,0.032960,1,0.093722,0.065183,0.028538,0
2026-05-07T05:46:24.756Z,1778132783000,1778132782431,1778132784756,1778132784756,815244,815,81071.04,81045.96,81051.43,0.211227,0.216419,0.410705,0.412802,0.433684,0.330000,0.340000,0.660000,0.670000,0.070705,0.038494,0.032211,1,0.072802,0.040432,0.032370,1,0.093684,0.069929,0.023755,0
2026-05-07T05:46:25.290Z,1778132784000,1778132782431,1778132785290,1778132785290,814710,815,81071.04,81045.96,81051.43,0.211227,0.216419,0.410676,0.412774,0.433663,0.330000,0.340000,0.660000,0.670000,0.070676,0.038875,0.031801,1,0.072774,0.040969,0.031805,1,0.093663,0.074683,0.018980,0
2026-05-07T05:46:26.819Z,1778132785000,1778132786253,1778132786819,1778132786819,813181,813,81071.04,81045.95,81051.43,0.211227,0.216419,0.410594,0.412694,0.433600,0.330000,0.340000,0.660000,0.670000,0.070594,0.045845,0.024749,0,0.072694,0.047939,0.024755,0,0.093600,0.079435,0.014165,0
2026-05-07T05:46:27.339Z,1778132786000,1778132786253,1778132787339,1778132787339,812661,813,81071.04,81045.96,81051.43,0.211227,0.216419,0.410566,0.412666,0.433581,0.330000,0.340000,0.660000,0.670000,0.070566,0.051807,0.018759,0,0.072666,0.053902,0.018765,0,0.093581,0.083181,0.010400,0
2026-05-07T05:46:28.863Z,1778132787000,1778132788408,1778132788863,1778132788863,811137,811,81071.04,81045.96,81051.43,0.211227,0.216419,0.410484,0.412586,0.433520,0.330000,0.340000,0.660000,0.670000,0.070484,0.057766,0.012718,0,0.072586,0.059862,0.012724,0,0.093520,0.086925,0.006594,0
2026-05-07T05:46:29.680Z,1778132788000,1778132789402,1778132789680,1778132789680,810320,810,81071.04,81043.80,81051.43,0.211227,0.216419,0.410440,0.412543,0.427872,0.330000,0.340000,0.660000,0.670000,0.070440,0.063723,0.006717,0,0.072543,0.065819,0.006724,0,0.087872,0.090680,-0.002808,0
2026-05-07T05:46:30.437Z,1778132789000,1778132789402,1778132790437,1778132790437,809563,810,81071.04,81045.95,81051.43,0.211227,0.216419,0.410399,0.412503,0.433444,0.330000,0.340000,0.660000,0.670000,0.070399,0.066675,0.003724,0,0.072503,0.068773,0.003730,0,0.093444,0.090870,0.002574,0
2026-05-07T05:46:31.768Z,1778132790000,1778132789402,1778132791768,1778132791768,808232,808,81071.04,81045.51,81051.43,0.211227,0.216419,0.410327,0.412433,0.432226,0.330000,0.340000,0.660000,0.670000,0.070327,0.068628,0.001699,0,0.072433,0.070727,0.001706,0,0.092226,0.091854,0.000372,0
2026-05-07T05:46:32.546Z,1778132791000,1778132789402,1778132792546,1778132792546,807454,807,81071.04,81045.51,81051.43,0.211227,0.216419,0.410285,0.412391,0.432194,0.330000,0.340000,0.660000,0.670000,0.070285,0.070576,-0.000292,0,0.072391,0.072676,-0.000285,0,0.092194,0.093303,-0.001109,0
2026-05-07T05:46:33.310Z,1778132792000,1778132789402,1778132793310,1778132793310,806690,807,81071.04,81045.39,81051.43,0.211227,0.216419,0.410243,0.412351,0.431870,0.330000,0.340000,0.660000,0.670000,0.070243,0.070523,-0.000280,0,0.072351,0.072624,-0.000274,0,0.091870,0.092751,-0.000881,0
2026-05-07T05:46:34.787Z,1778132793000,1778132794309,1778132794787,1778132794787,805213,805,81071.04,81045.25,81051.43,0.211227,0.216419,0.410162,0.412272,0.431444,0.330000,0.340000,0.660000,0.670000,0.070162,0.070472,-0.000309,0,0.072272,0.072574,-0.000302,0,0.091444,0.092565,-0.001121,0
2026-05-07T05:46:35.670Z,1778132794000,1778132795354,1778132795670,1778132795670,804330,804,81071.04,81045.23,81048.58,0.211227,0.216419,0.397349,0.399749,0.431337,0.280000,0.300000,0.700000,0.720000,0.097349,0.070418,0.026932,0,0.099749,0.072521,0.027227,0,0.131337,0.092341,0.038995,1
2026-05-07T05:46:36.393Z,1778132795000,1778132795354,1778132796393,1778132796393,803607,804,81071.04,81044.19,81048.58,0.211227,0.216419,0.397304,0.399705,0.428598,0.280000,0.290000,0.710000,0.720000,0.107304,0.073085,0.034219,1,0.109705,0.075219,0.034486,1,0.138598,0.096109,0.042490,1
2026-05-07T05:46:37.245Z,1778132796000,1778132796245,1778132797245,1778132797245,802755,803,81071.04,81037.99,81048.58,0.211227,0.216419,0.397251,0.399653,0.412382,0.280000,0.300000,0.700000,0.720000,0.097251,0.076756,0.020495,0,0.099653,0.078920,0.020733,0,0.112382,0.100609,0.011774,0
2026-05-07T05:46:37.672Z,1778132796000,1778132797408,1778132797672,1778132797672,802328,802,81071.04,81037.99,81048.58,0.211227,0.216419,0.397225,0.399627,0.412359,0.290000,0.300000,0.700000,0.710000,0.097225,0.079424,0.017800,0,0.099627,0.081618,0.018008,0,0.112359,0.102489,0.009871,0
2026-05-07T05:46:39.539Z,1778132798000,1778132799308,1778132799539,1778132799539,800461,800,81071.04,81038.41,81048.58,0.211227,0.216419,0.397108,0.399513,0.413341,0.290000,0.300000,0.700000,0.710000,0.097108,0.082098,0.015010,0,0.099513,0.084323,0.015190,0,0.113341,0.104373,0.008968,0
2026-05-07T05:46:40.012Z,1778132799000,1778132799308,1778132800012,1778132800012,799988,800,81071.04,81038.36,81048.58,0.211227,0.216419,0.397078,0.399484,0.413185,0.290000,0.300000,0.700000,0.710000,0.097078,0.084765,0.012313,0,0.099484,0.087020,0.012464,0,0.113185,0.106920,0.006265,0
2026-05-07T05:46:41.040Z,1778132800000,1778132800420,1778132801040,1778132801040,798960,799,81071.04,81038.36,81048.58,0.211227,0.216419,0.397014,0.399421,0.413129,0.290000,0.300000,0.700000,0.710000,0.097014,0.087433,0.009581,0,0.099421,0.089718,0.009703,0,0.113129,0.108894,0.004235,0
2026-05-07T05:46:42.069Z,1778132801000,1778132801417,1778132802069,1778132802069,797931,798,81071.04,81038.22,81048.58,0.211227,0.216419,0.396949,0.399358,0.412718,0.290000,0.300000,0.700000,0.710000,0.096949,0.090102,0.006847,0,0.099358,0.092416,0.006941,0,0.112718,0.110984,0.001734,0
2026-05-07T05:46:43.139Z,1778132802000,1778132802138,1778132803139,1778132803139,796861,797,81071.04,81038.22,81048.58,0.211227,0.216419,0.396882,0.399292,0.412656,0.290000,0.300000,0.700000,0.710000,0.096882,0.092768,0.004114,0,0.099292,0.095113,0.004179,0,0.112656,0.113036,-0.000380,0
2026-05-07T05:46:44.136Z,1778132803000,1778132802138,1778132804136,1778132804136,795864,796,81071.04,81038.22,81048.58,0.211227,0.216419,0.396819,0.399230,0.412604,0.290000,0.300000,0.700000,0.710000,0.096819,0.095432,0.001387,0,0.099230,0.097807,0.001423,0,0.112604,0.115115,-0.002511,0
2026-05-07T05:46:45.005Z,1778132804000,1778132802138,1778132805005,1778132805005,794995,795,81071.04,81038.22,81048.58,0.211227,0.216419,0.396764,0.399177,0.412558,0.290000,0.300000,0.700000,0.710000,0.096764,0.098098,-0.001334,0,0.099177,0.100503,-0.001326,0,0.112558,0.117231,-0.004673,0
2026-05-07T05:46:45.950Z,1778132805000,1778132802138,1778132805950,1778132805950,794050,794,81071.04,81038.22,81048.58,0.211227,0.216419,0.396705,0.399118,0.412506,0.290000,0.300000,0.700000,0.710000,0.096705,0.098040,-0.001335,0,0.099118,0.100446,-0.001327,0,0.112506,0.115353,-0.002847,0
2026-05-07T05:46:46.901Z,1778132806000,1778132806277,1778132806901,1778132806901,793099,793,81071.04,81038.22,81048.58,0.211227,0.216419,0.396644,0.399059,0.412453,0.290000,0.300000,0.700000,0.710000,0.096644,0.096980,-0.000335,0,0.099059,0.099387,-0.000328,0,0.112453,0.112744,-0.000291,0
2026-05-07T05:46:48.307Z,1778132807000,1778132807427,1778132808307,1778132808307,791693,792,81071.04,81038.22,81048.58,0.211227,0.216419,0.396555,0.398972,0.412377,0.290000,0.300000,0.700000,0.710000,0.096555,0.096919,-0.000364,0,0.098972,0.099328,-0.000356,0,0.112377,0.112751,-0.000373,0
2026-05-07T05:46:49.259Z,1778132808000,1778132808234,1778132809259,1778132809259,790741,791,81071.04,81036.78,81048.58,0.211227,0.216419,0.396494,0.398913,0.408571,0.290000,0.300000,0.700000,0.710000,0.096494,0.096852,-0.000358,0,0.098913,0.099262,-0.000349,0,0.108571,0.112753,-0.004182,0
2026-05-07T05:46:51.953Z,1778132810000,1778132811333,1778132811953,1778132811953,788047,788,81071.04,81036.78,81048.58,0.211227,0.216419,0.396322,0.398745,0.408421,0.290000,0.300000,0.700000,0.710000,0.096322,0.096791,-0.000468,0,0.098745,0.099202,-0.000458,0,0.108421,0.112276,-0.003855,0
2026-05-07T05:46:52.243Z,1778132811000,1778132811333,1778132812243,1778132812243,787757,788,81071.04,81036.78,81048.58,0.211227,0.216419,0.396304,0.398727,0.408405,0.290000,0.300000,0.700000,0.710000,0.096304,0.096715,-0.000411,0,0.098727,0.099129,-0.000402,0,0.108405,0.111799,-0.003395,0
2026-05-07T05:46:53.347Z,1778132812000,1778132812401,1778132813347,1778132813347,786653,787,81071.04,81036.78,81048.58,0.211227,0.216419,0.396233,0.398657,0.408338,0.290000,0.300000,0.700000,0.710000,0.096233,0.096644,-0.000411,0,0.098657,0.099059,-0.000402,0,0.108338,0.111327,-0.002989,0
2026-05-07T05:46:54.417Z,1778132813000,1778132813391,1778132814417,1778132814417,785583,786,81071.04,81036.77,81048.58,0.211227,0.216419,0.396164,0.398590,0.408241,0.290000,0.300000,0.700000,0.710000,0.096164,0.096572,-0.000408,0,0.098590,0.098989,-0.000399,0,0.108241,0.110889,-0.002648,0
2026-05-07T05:46:54.942Z,1778132814000,1778132814411,1778132814942,1778132814942,785058,785,81071.04,81036.77,81048.58,0.211227,0.216419,0.396130,0.398557,0.408211,0.290000,0.300000,0.700000,0.710000,0.096130,0.096501,-0.000370,0,0.098557,0.098919,-0.000362,0,0.108211,0.110447,-0.002236,0
2026-05-07T05:46:56.017Z,1778132815000,1778132814411,1778132816017,1778132816017,783983,784,81071.04,81036.77,81048.58,0.211227,0.216419,0.396061,0.398490,0.408153,0.290000,0.300000,0.700000,0.710000,0.096061,0.096432,-0.000370,0,0.098490,0.098852,-0.000362,0,0.108153,0.110008,-0.001856,0
2026-05-07T05:46:57.074Z,1778132816000,1778132816404,1778132817074,1778132817074,782926,783,81071.04,81032.16,81048.58,0.211227,0.216419,0.395993,0.398423,0.396037,0.290000,0.300000,0.700000,0.710000,0.095993,0.096361,-0.000368,0,0.098423,0.098783,-0.000360,0,0.096037,0.109568,-0.013531,0
2026-05-07T05:46:57.289Z,1778132816000,1778132816404,1778132817289,1778132817289,782711,783,81071.04,81032.16,81048.58,0.211227,0.216419,0.395979,0.398409,0.396023,0.280000,0.300000,0.700000,0.720000,0.095979,0.096290,-0.000311,0,0.098409,0.098713,-0.000304,0,0.096023,0.107921,-0.011898,0
2026-05-07T05:46:57.409Z,1778132816000,1778132816404,1778132817409,1778132817409,782591,783,81071.04,81032.16,81048.58,0.211227,0.216419,0.395971,0.398402,0.396015,0.280000,0.290000,0.710000,0.720000,0.105971,0.096224,0.009748,0,0.108402,0.098648,0.009753,0,0.106015,0.106278,-0.000262,0
2026-05-07T05:46:58.135Z,1778132817000,1778132817429,1778132818135,1778132818135,781865,782,81071.04,81036.75,81047.13,0.211227,0.216419,0.389340,0.391918,0.407992,0.280000,0.290000,0.710000,0.720000,0.099340,0.097165,0.002175,0,0.101918,0.099591,0.002327,0,0.117992,0.105641,0.012351,0
2026-05-07T05:46:59.166Z,1778132818000,1778132817429,1778132819166,1778132819166,780834,781,81071.04,81032.26,81047.13,0.211227,0.216419,0.389270,0.391849,0.396181,0.280000,0.290000,0.710000,0.720000,0.099270,0.097450,0.001820,0,0.101849,0.099892,0.001957,0,0.106181,0.106584,-0.000403,0
2026-05-07T05:47:00.080Z,1778132819000,1778132819396,1778132820080,1778132820080,779920,780,81071.04,81032.19,81047.13,0.211227,0.216419,0.389207,0.391788,0.395928,0.280000,0.290000,0.710000,0.720000,0.099207,0.097745,0.001462,0,0.101788,0.100202,0.001585,0,0.105928,0.106360,-0.000432,0
2026-05-07T05:47:01.036Z,1778132820000,1778132820408,1778132821036,1778132821036,778964,779,81071.04,81032.19,81047.13,0.211227,0.216419,0.389141,0.391723,0.395866,0.280000,0.290000,0.710000,0.720000,0.099141,0.098035,0.001106,0,0.101723,0.100508,0.001215,0,0.105866,0.106112,-0.000246,0
2026-05-07T05:47:02.131Z,1778132821000,1778132820408,1778132822131,1778132822131,777869,778,81071.04,81031.26,81047.13,0.211227,0.216419,0.389065,0.391649,0.393372,0.280000,0.290000,0.710000,0.720000,0.099065,0.098326,0.000739,0,0.101649,0.100815,0.000834,0,0.103372,0.105865,-0.002492,0
2026-05-07T05:47:03.133Z,1778132822000,1778132820408,1778132823133,1778132823133,776867,777,81071.04,81029.82,81047.13,0.211227,0.216419,0.388996,0.391581,0.389561,0.280000,0.290000,0.710000,0.720000,0.098996,0.098616,0.000380,0,0.101581,0.101121,0.000461,0,0.099561,0.105378,-0.005817,0
2026-05-07T05:47:03.819Z,1778132822000,1778132823431,1778132823819,1778132823819,776181,776,81071.04,81029.82,81041.49,0.211227,0.216419,0.363787,0.366920,0.389513,0.270000,0.290000,0.710000,0.730000,0.073787,0.098902,-0.025115,0,0.076920,0.101423,-0.024503,0,0.099513,0.104513,-0.004999,0
2026-05-07T05:47:03.832Z,1778132822000,1778132823431,1778132823832,1778132823832,776168,776,81071.04,81029.82,81041.49,0.211227,0.216419,0.363786,0.366919,0.389513,0.260000,0.280000,0.720000,0.740000,0.083786,0.096675,-0.012889,0,0.086919,0.099266,-0.012347,0,0.109513,0.103649,0.005864,0
2026-05-07T05:47:04.230Z,1778132823000,1778132823431,1778132824230,1778132824230,775770,776,81071.04,81031.26,81041.49,0.211227,0.216419,0.363753,0.366886,0.393230,0.260000,0.280000,0.720000,0.740000,0.083753,0.095454,-0.011701,0,0.086886,0.098116,-0.011230,0,0.113230,0.104996,0.008234,0
2026-05-07T05:47:04.805Z,1778132823000,1778132824408,1778132824805,1778132824805,775195,775,81071.04,81031.26,81041.49,0.211227,0.216419,0.363704,0.366839,0.393191,0.260000,0.270000,0.730000,0.740000,0.093704,0.094232,-0.000527,0,0.096839,0.096964,-0.000125,0,0.123191,0.106717,0.016474,0
2026-05-07T05:47:05.391Z,1778132824000,1778132824408,1778132825391,1778132825391,774609,775,81071.04,81030.01,81041.49,0.211227,0.216419,0.363655,0.366790,0.389882,0.260000,0.270000,0.730000,0.740000,0.093655,0.093005,0.000650,0,0.096790,0.095807,0.000983,0,0.119882,0.108435,0.011447,0
2026-05-07T05:47:06.453Z,1778132825000,1778132826361,1778132826453,1778132826453,773547,774,81071.04,81030.37,81041.49,0.211227,0.216419,0.363566,0.366703,0.390757,0.260000,0.270000,0.730000,0.740000,0.093566,0.092436,0.001129,0,0.096703,0.095294,0.001408,0,0.120757,0.108624,0.012133,0
2026-05-07T05:47:07.769Z,1778132826000,1778132827427,1778132827769,1778132827769,772231,772,81071.04,81030.37,81041.49,0.211227,0.216419,0.363454,0.366594,0.390669,0.260000,0.270000,0.730000,0.740000,0.093454,0.091866,0.001588,0,0.096594,0.094780,0.001814,0,0.120669,0.110081,0.010588,0
2026-05-07T05:47:08.432Z,1778132827000,1778132827427,1778132828432,1778132828432,771568,772,81071.04,81030.37,81041.49,0.211227,0.216419,0.363398,0.366539,0.390625,0.260000,0.270000,0.730000,0.740000,0.093398,0.091291,0.002107,0,0.096539,0.094260,0.002279,0,0.120625,0.111555,0.009070,0
2026-05-07T05:47:09.130Z,1778132828000,1778132828422,1778132829130,1778132829130,770870,771,81071.04,81030.37,81041.49,0.211227,0.216419,0.363339,0.366481,0.390578,0.260000,0.270000,0.730000,0.740000,0.093339,0.090716,0.002623,0,0.096481,0.093742,0.002739,0,0.120578,0.113031,0.007547,0
2026-05-07T05:47:10.324Z,1778132829000,1778132829059,1778132830324,1778132830324,769676,770,81071.04,81030.37,81041.49,0.211227,0.216419,0.363238,0.366382,0.390502,0.260000,0.270000,0.730000,0.740000,0.093238,0.090144,0.003094,0,0.096382,0.093225,0.003157,0,0.120502,0.114752,0.005750,0
2026-05-07T05:47:11.440Z,1778132830000,1778132831278,1778132831440,1778132831440,768560,769,81071.04,81030.38,81041.49,0.211227,0.216419,0.363143,0.366289,0.390427,0.260000,0.270000,0.730000,0.740000,0.093143,0.089568,0.003575,0,0.096289,0.092705,0.003584,0,0.120427,0.116846,0.003581,0
2026-05-07T05:47:12.149Z,1778132831000,1778132831278,1778132832149,1778132832149,767851,768,81071.04,81030.38,81041.49,0.211227,0.216419,0.363082,0.366230,0.390380,0.260000,0.270000,0.730000,0.740000,0.093082,0.091504,0.001579,0,0.096230,0.094642,0.001588,0,0.120380,0.118937,0.001442,0
2026-05-07T05:47:13.277Z,1778132832000,1778132832418,1778132833277,1778132833277,766723,767,81071.04,81030.38,81041.49,0.211227,0.216419,0.362986,0.366135,0.390302,0.260000,0.270000,0.730000,0.740000,0.092986,0.092433,0.000553,0,0.096135,0.095573,0.000562,0,0.120302,0.120024,0.000277,0
2026-05-07T05:47:13.652Z,1778132832000,1778132833430,1778132833652,1778132833652,766348,766,81071.04,81030.38,81052.26,0.211227,0.216419,0.411786,0.413858,0.390276,0.260000,0.280000,0.720000,0.740000,0.131786,0.093357,0.038429,1,0.133858,0.096498,0.037360,1,0.110276,0.120731,-0.010456,0
2026-05-07T05:47:13.660Z,1778132832000,1778132833430,1778132833660,1778132833660,766340,766,81071.04,81030.38,81052.26,0.211227,0.216419,0.411785,0.413858,0.390275,0.260000,0.290000,0.710000,0.740000,0.121785,0.097165,0.024620,0,0.123858,0.100200,0.023658,0,0.100275,0.119440,-0.019165,0
2026-05-07T05:47:13.677Z,1778132832000,1778132833430,1778132833677,1778132833677,766323,766,81071.04,81030.38,81052.26,0.211227,0.216419,0.411784,0.413857,0.390274,0.270000,0.290000,0.710000,0.730000,0.121784,0.099978,0.021807,0,0.123857,0.102907,0.020950,0,0.100274,0.117479,-0.017205,0
2026-05-07T05:47:13.711Z,1778132832000,1778132833430,1778132833711,1778132833711,766289,766,81071.04,81030.38,81052.26,0.211227,0.216419,0.411782,0.413855,0.390271,0.280000,0.290000,0.710000,0.720000,0.121782,0.102799,0.018983,0,0.123855,0.105622,0.018233,0,0.100271,0.115431,-0.015159,0
2026-05-07T05:47:13.781Z,1778132832000,1778132833430,1778132833781,1778132833781,766219,766,81071.04,81030.38,81052.26,0.211227,0.216419,0.411778,0.413851,0.390267,0.280000,0.300000,0.700000,0.720000,0.111778,0.105632,0.006146,0,0.113851,0.108348,0.005503,0,0.090267,0.113391,-0.023124,0
2026-05-07T05:47:14.481Z,1778132833000,1778132834403,1778132834481,1778132834481,765519,766,81071.04,81030.38,81052.26,0.211227,0.216419,0.411739,0.413813,0.390219,0.300000,0.310000,0.690000,0.700000,0.101739,0.107470,-0.005731,0,0.103813,0.110080,-0.006267,0,0.080219,0.110355,-0.030136,0
2026-05-07T05:47:16.934Z,1778132835000,1778132836354,1778132836934,1778132836934,763066,763,81071.04,81039.89,81052.26,0.211227,0.216419,0.411600,0.413677,0.415259,0.300000,0.310000,0.690000,0.700000,0.101600,0.108310,-0.006710,0,0.103677,0.110813,-0.007136,0,0.105259,0.106319,-0.001060,0
2026-05-07T05:47:17.881Z,1778132836000,1778132837430,1778132837881,1778132837881,762119,762,81071.04,81039.90,81052.26,0.211227,0.216419,0.411546,0.413625,0.415223,0.300000,0.310000,0.690000,0.700000,0.101546,0.109146,-0.007600,0,0.103625,0.111542,-0.007918,0,0.105223,0.104795,0.000428,0
2026-05-07T05:47:18.260Z,1778132837000,1778132837430,1778132838260,1778132838260,761740,762,81071.04,81039.94,81052.26,0.211227,0.216419,0.411525,0.413603,0.415310,0.300000,0.310000,0.690000,0.700000,0.101525,0.109987,-0.008462,0,0.103603,0.112276,-0.008672,0,0.105310,0.103275,0.002036,0
2026-05-07T05:47:18.601Z,1778132837000,1778132838410,1778132838601,1778132838601,761399,761,81071.04,81039.94,81052.26,0.211227,0.216419,0.411505,0.413585,0.415292,0.300000,0.320000,0.680000,0.700000,0.091505,0.110831,-0.019326,0,0.093585,0.113013,-0.019429,0,0.095292,0.101768,-0.006476,0
2026-05-07T05:47:19.540Z,1778132838000,1778132839408,1778132839540,1778132839540,760460,760,81071.04,81039.84,81052.26,0.211227,0.216419,0.411452,0.413532,0.414976,0.310000,0.320000,0.680000,0.690000,0.091452,0.110683,-0.019231,0,0.093532,0.112758,-0.019226,0,0.094976,0.099267,-0.004291,0
2026-05-07T05:47:20.252Z,1778132839000,1778132839408,1778132840252,1778132840252,759748,760,81071.04,81039.86,81052.26,0.211227,0.216419,0.411411,0.413493,0.414979,0.310000,0.320000,0.680000,0.690000,0.091411,0.106650,-0.015238,0,0.093493,0.108726,-0.015233,0,0.094979,0.097737,-0.002758,0
2026-05-07T05:47:22.517Z,1778132841000,1778132842331,1778132842517,1778132842517,757483,757,81071.04,81039.91,81052.26,0.211227,0.216419,0.411282,0.413366,0.414995,0.320000,0.340000,0.660000,0.680000,0.071282,0.103612,-0.032331,0,0.073366,0.105689,-0.032323,0,0.074995,0.097207,-0.022212,0
2026-05-07T05:47:23.021Z,1778132842000,1778132842331,1778132843021,1778132843021,756979,757,81071.04,81040.63,81052.26,0.211227,0.216419,0.411253,0.413338,0.416901,0.320000,0.340000,0.660000,0.680000,0.071253,0.098562,-0.027309,0,0.073338,0.100640,-0.027302,0,0.076901,0.094679,-0.017778,0
2026-05-07T05:47:23.611Z,1778132842000,1778132843383,1778132843611,1778132843611,756389,756,81071.04,81040.63,81052.26,0.211227,0.216419,0.411219,0.413305,0.416869,0.330000,0.340000,0.660000,0.670000,0.071219,0.093509,-0.022290,0,0.073305,0.095588,-0.022283,0,0.076869,0.092342,-0.015473,0
2026-05-07T05:47:23.900Z,1778132843000,1778132843383,1778132843900,1778132843900,756100,756,81071.04,81040.63,81052.26,0.211227,0.216419,0.411202,0.413288,0.416841,0.330000,0.340000,0.660000,0.670000,0.071202,0.089453,-0.018251,0,0.073288,0.091534,-0.018245,0,0.076841,0.091002,-0.014161,0
2026-05-07T05:47:24.914Z,1778132844000,1778132844391,1778132844914,1778132844914,755086,755,81071.04,81040.46,81052.26,0.211227,0.216419,0.411144,0.413231,0.416333,0.330000,0.340000,0.660000,0.670000,0.071144,0.086400,-0.015256,0,0.073231,0.088481,-0.015250,0,0.076333,0.090665,-0.014331,0
2026-05-07T05:47:25.586Z,1778132844000,1778132845431,1778132845586,1778132845586,754414,754,81071.04,81040.46,81052.26,0.211227,0.216419,0.411105,0.413194,0.416297,0.330000,0.370000,0.630000,0.670000,0.041105,0.083354,-0.042249,0,0.043194,0.085437,-0.042243,0,0.046297,0.087772,-0.041475,0
2026-05-07T05:47:25.922Z,1778132844000,1778132845431,1778132845922,1778132845922,754078,754,81071.04,81040.46,81052.26,0.211227,0.216419,0.411086,0.413175,0.416279,0.350000,0.360000,0.640000,0.650000,0.051086,0.077310,-0.026224,0,0.053175,0.079394,-0.026219,0,0.056279,0.081879,-0.025601,0
2026-05-07T05:47:25.980Z,1778132845000,1778132845431,1778132845980,1778132845980,754020,754,81071.04,81040.59,81052.26,0.211227,0.216419,0.411083,0.413171,0.416623,0.350000,0.360000,0.640000,0.650000,0.051083,0.072266,-0.021183,0,0.053171,0.074351,-0.021179,0,0.056623,0.076976,-0.020353,0
2026-05-07T05:47:26.985Z,1778132846000,1778132846422,1778132846985,1778132846985,753015,753,81071.04,81040.71,81052.26,0.211227,0.216419,0.411025,0.413115,0.416886,0.350000,0.360000,0.640000,0.650000,0.051025,0.068224,-0.017199,0,0.053115,0.070309,-0.017195,0,0.056886,0.073109,-0.016223,0
2026-05-07T05:47:28.004Z,1778132847000,1778132847258,1778132848004,1778132848004,751996,752,81071.04,81040.59,81052.26,0.211227,0.216419,0.410966,0.413057,0.416530,0.350000,0.360000,0.640000,0.650000,0.050966,0.064181,-0.013215,0,0.053057,0.066268,-0.013210,0,0.056530,0.069300,-0.012770,0
2026-05-07T05:47:29.016Z,1778132848000,1778132848303,1778132849016,1778132849016,750984,751,81071.04,81040.51,81052.26,0.211227,0.216419,0.410907,0.413000,0.416250,0.350000,0.360000,0.640000,0.650000,0.050907,0.060136,-0.009230,0,0.053000,0.062224,-0.009224,0,0.056250,0.065456,-0.009205,0
2026-05-07T05:47:29.973Z,1778132849000,1778132849420,1778132849973,1778132849973,750027,750,81071.04,81040.65,81052.26,0.211227,0.216419,0.410851,0.412945,0.416563,0.350000,0.360000,0.640000,0.650000,0.050851,0.058099,-0.007248,0,0.052945,0.060187,-0.007242,0,0.056563,0.063581,-0.007018,0
2026-05-07T05:47:30.081Z,1778132849000,1778132849420,1778132850081,1778132850081,749919,750,81071.04,81040.65,81052.26,0.211227,0.216419,0.410845,0.412939,0.416557,0.340000,0.360000,0.640000,0.660000,0.050845,0.056059,-0.005214,0,0.052939,0.058148,-0.005209,0,0.056557,0.061547,-0.004990,0
2026-05-07T05:47:30.236Z,1778132849000,1778132849420,1778132850236,1778132850236,749764,750,81071.04,81040.65,81052.26,0.211227,0.216419,0.410836,0.412930,0.416549,0.340000,0.350000,0.650000,0.660000,0.060836,0.054021,0.006815,0,0.062930,0.056112,0.006819,0,0.066549,0.059516,0.007033,0
2026-05-07T05:47:30.430Z,1778132849000,1778132849420,1778132850430,1778132850430,749570,750,81071.04,81040.65,81052.26,0.211227,0.216419,0.410825,0.412919,0.416538,0.330000,0.350000,0.650000,0.670000,0.060825,0.052985,0.007840,0,0.062919,0.055076,0.007844,0,0.066538,0.058487,0.008051,0
2026-05-07T05:47:30.941Z,1778132850000,1778132850230,1778132850941,1778132850941,749059,749,81071.04,81040.66,81052.26,0.211227,0.216419,0.410795,0.412890,0.416543,0.330000,0.350000,0.650000,0.670000,0.060795,0.051953,0.008842,0,0.062890,0.054045,0.008846,0,0.066543,0.057507,0.009036,0
2026-05-07T05:47:31.311Z,1778132850000,1778132850230,1778132851311,1778132851311,748689,749,81071.04,81040.66,81052.26,0.211227,0.216419,0.410773,0.412869,0.416523,0.330000,0.340000,0.660000,0.670000,0.070773,0.053922,0.016852,0,0.072869,0.056014,0.016855,0,0.076523,0.059532,0.016991,0
2026-05-07T05:47:31.957Z,1778132851000,1778132851423,1778132851957,1778132851957,748043,748,81071.04,81040.29,81052.26,0.211227,0.216419,0.410736,0.412832,0.415504,0.330000,0.340000,0.660000,0.670000,0.070736,0.055890,0.014845,0,0.072832,0.057984,0.014849,0,0.075504,0.061556,0.013947,0
2026-05-07T05:47:32.307Z,1778132851000,1778132851423,1778132852307,1778132852307,747693,748,81071.04,81040.29,81052.26,0.211227,0.216419,0.410715,0.412812,0.415484,0.320000,0.330000,0.670000,0.680000,0.080715,0.057856,0.022859,0,0.082812,0.059950,0.022863,0,0.085484,0.063444,0.022040,0
2026-05-07T05:47:32.876Z,1778132852000,1778132852404,1778132852876,1778132852876,747124,747,81071.04,81040.24,81052.26,0.211227,0.216419,0.410682,0.412780,0.415307,0.320000,0.330000,0.670000,0.680000,0.080682,0.060825,0.019857,0,0.082780,0.062920,0.019860,0,0.085307,0.066304,0.019003,0
2026-05-07T05:47:34.999Z,1778132853000,1778132854094,1778132854999,1778132854999,745001,745,81071.04,81040.07,81052.26,0.211227,0.216419,0.410557,0.412658,0.414723,0.320000,0.330000,0.670000,0.680000,0.080557,0.063796,0.016761,0,0.082658,0.065892,0.016766,0,0.084723,0.069182,0.015541,0
2026-05-07T05:47:35.586Z,1778132854000,1778132854094,1778132855586,1778132855586,744414,744,81071.04,81040.01,81052.26,0.211227,0.216419,0.410523,0.412625,0.414554,0.320000,0.330000,0.670000,0.680000,0.080523,0.066762,0.013761,0,0.082625,0.068858,0.013767,0,0.084554,0.072029,0.012524,0
2026-05-07T05:47:36.239Z,1778132855000,1778132854094,1778132856239,1778132856239,743761,744,81071.04,81040.01,81052.26,0.211227,0.216419,0.410485,0.412587,0.414517,0.320000,0.330000,0.670000,0.680000,0.080485,0.069729,0.010756,0,0.082587,0.071826,0.010761,0,0.084517,0.074828,0.009689,0
2026-05-07T05:47:37.210Z,1778132856000,1778132856334,1778132857210,1778132857210,742790,743,81071.04,81040.04,81052.26,0.211227,0.216419,0.410427,0.412531,0.414519,0.320000,0.330000,0.670000,0.680000,0.080427,0.072693,0.007735,0,0.082531,0.074790,0.007741,0,0.084519,0.077624,0.006894,0
2026-05-07T05:47:38.432Z,1778132857000,1778132857416,1778132858432,1778132858432,741568,742,81071.04,81039.75,81052.26,0.211227,0.216419,0.410355,0.412461,0.413681,0.320000,0.330000,0.670000,0.680000,0.080355,0.074652,0.005703,0,0.082461,0.076751,0.005710,0,0.083681,0.079421,0.004260,0
2026-05-07T05:47:39.548Z,1778132858000,1778132859323,1778132859548,1778132859548,740452,740,81071.04,81039.83,81052.26,0.211227,0.216419,0.410289,0.412396,0.413820,0.320000,0.330000,0.670000,0.680000,0.080289,0.076605,0.003684,0,0.082396,0.078705,0.003691,0,0.083820,0.081136,0.002684,0
2026-05-07T05:47:40.358Z,1778132859000,1778132859323,1778132860358,1778132860358,739642,740,81071.04,81039.85,81052.26,0.211227,0.216419,0.410241,0.412349,0.413844,0.320000,0.330000,0.670000,0.680000,0.080241,0.078554,0.001687,0,0.082349,0.080655,0.001694,0,0.083844,0.082863,0.000981,0
2026-05-07T05:47:41.577Z,1778132860000,1778132861276,1778132861577,1778132861577,738423,738,81071.04,81040.00,81052.26,0.211227,0.216419,0.410169,0.412278,0.414178,0.320000,0.330000,0.670000,0.680000,0.080169,0.079501,0.000667,0,0.082278,0.081603,0.000675,0,0.084178,0.083595,0.000583,0
2026-05-07T05:47:42.073Z,1778132861000,1778132861276,1778132862073,1778132862073,737927,738,81071.04,81040.00,81052.26,0.211227,0.216419,0.410139,0.412249,0.414150,0.320000,0.330000,0.670000,0.680000,0.080139,0.080444,-0.000305,0,0.082249,0.082548,-0.000298,0,0.084150,0.084463,-0.000313,0
2026-05-07T05:47:43.368Z,1778132862000,1778132862418,1778132863368,1778132863368,736632,737,81071.04,81039.99,81052.26,0.211227,0.216419,0.410062,0.412174,0.414036,0.320000,0.330000,0.670000,0.680000,0.080062,0.080387,-0.000325,0,0.082174,0.082491,-0.000318,0,0.084036,0.084329,-0.000294,0
2026-05-07T05:47:44.403Z,1778132863000,1778132863395,1778132864403,1778132864403,735597,736,81071.04,81040.41,81052.26,0.211227,0.216419,0.410000,0.412114,0.415125,0.320000,0.330000,0.670000,0.680000,0.080000,0.080325,-0.000325,0,0.082114,0.082431,-0.000317,0,0.085125,0.084202,0.000923,0
2026-05-07T05:47:45.030Z,1778132864000,1778132864398,1778132865030,1778132865030,734970,735,81071.04,81040.38,81052.26,0.211227,0.216419,0.409962,0.412077,0.415009,0.320000,0.330000,0.670000,0.680000,0.079962,0.080269,-0.000307,0,0.082077,0.082376,-0.000300,0,0.085009,0.084242,0.000767,0
2026-05-07T05:47:46.213Z,1778132865000,1778132865431,1778132866213,1778132866213,733787,734,81071.04,81040.22,81052.26,0.211227,0.216419,0.409891,0.412007,0.414515,0.320000,0.330000,0.670000,0.680000,0.079891,0.080213,-0.000322,0,0.082007,0.082322,-0.000314,0,0.084515,0.084288,0.000227,0
2026-05-07T05:47:47.322Z,1778132866000,1778132866140,1778132867322,1778132867322,732678,733,81071.04,81040.23,81052.26,0.211227,0.216419,0.409825,0.411942,0.414469,0.320000,0.330000,0.670000,0.680000,0.079825,0.080154,-0.000329,0,0.081942,0.082264,-0.000321,0,0.084469,0.084288,0.000181,0
2026-05-07T05:47:48.540Z,1778132867000,1778132868141,1778132868540,1778132868540,731460,731,81071.04,81040.21,81052.26,0.211227,0.216419,0.409751,0.411871,0.414359,0.320000,0.330000,0.670000,0.680000,0.079751,0.080093,-0.000342,0,0.081871,0.082205,-0.000334,0,0.084359,0.084283,0.000076,0
2026-05-07T05:47:49.169Z,1778132868000,1778132868141,1778132869169,1778132869169,730831,731,81071.04,81040.21,81052.26,0.211227,0.216419,0.409713,0.411833,0.414325,0.320000,0.330000,0.670000,0.680000,0.079713,0.080033,-0.000320,0,0.081833,0.082146,-0.000312,0,0.084325,0.084350,-0.000025,0
2026-05-07T05:47:57.959Z,1778132876000,1778132876391,1778132877959,1778132877959,722041,722,81071.04,81040.18,81052.26,0.211227,0.216419,0.409177,0.411310,0.413721,0.320000,0.330000,0.670000,0.680000,0.079177,0.079975,-0.000798,0,0.081310,0.082089,-0.000780,0,0.083721,0.084401,-0.000680,0
2026-05-07T05:47:58.967Z,1778132877000,1778132878430,1778132878967,1778132878967,721033,721,81071.04,81040.16,81052.26,0.211227,0.216419,0.409115,0.411249,0.413598,0.320000,0.330000,0.670000,0.680000,0.079115,0.079869,-0.000754,0,0.081249,0.081986,-0.000736,0,0.083598,0.084389,-0.000791,0
2026-05-07T05:48:01.951Z,1778132880000,1778132881180,1778132881951,1778132881951,718049,718,81071.04,81040.16,81052.26,0.211227,0.216419,0.408931,0.411069,0.413441,0.320000,0.330000,0.670000,0.680000,0.078931,0.079764,-0.000833,0,0.081069,0.081883,-0.000814,0,0.083441,0.084331,-0.000890,0
2026-05-07T05:48:02.850Z,1778132881000,1778132882309,1778132882850,1778132882850,717150,717,81071.04,81033.52,81052.26,0.211227,0.216419,0.408875,0.411014,0.395232,0.310000,0.330000,0.670000,0.690000,0.078875,0.079643,-0.000768,0,0.081014,0.081765,-0.000750,0,0.065232,0.084260,-0.019028,0
2026-05-07T05:48:03.642Z,1778132882000,1778132883300,1778132883642,1778132883642,716358,716,81071.04,81036.74,81049.02,0.211227,0.216419,0.393474,0.395961,0.403948,0.310000,0.320000,0.680000,0.690000,0.073474,0.079524,-0.006050,0,0.075961,0.081649,-0.005688,0,0.083948,0.082379,0.001568,0
2026-05-07T05:48:04.602Z,1778132883000,1778132884377,1778132884602,1778132884602,715398,715,81071.04,81032.09,81049.02,0.211227,0.216419,0.393405,0.395893,0.391223,0.290000,0.320000,0.680000,0.710000,0.073405,0.078871,-0.005467,0,0.075893,0.081033,-0.005140,0,0.071223,0.082262,-0.011039,0
2026-05-07T05:48:04.887Z,1778132883000,1778132884377,1778132884887,1778132884887,715113,715,81071.04,81032.09,81049.02,0.211227,0.216419,0.393384,0.395873,0.391202,0.290000,0.300000,0.700000,0.710000,0.093384,0.078216,0.015168,0,0.095873,0.080415,0.015458,0,0.091202,0.080883,0.010319,0
2026-05-07T05:48:05.412Z,1778132884000,1778132884377,1778132885412,1778132885412,714588,715,81071.04,81036.74,81049.02,0.211227,0.216419,0.393346,0.395836,0.403833,0.290000,0.300000,0.700000,0.710000,0.093346,0.079565,0.013781,0,0.095836,0.081801,0.014034,0,0.103833,0.081552,0.022282,0
2026-05-07T05:48:06.685Z,1778132885000,1778132886370,1778132886685,1778132886685,713315,713,81071.04,81036.74,81049.02,0.211227,0.216419,0.393254,0.395745,0.403751,0.290000,0.300000,0.700000,0.710000,0.093254,0.080917,0.012337,0,0.095745,0.083191,0.012554,0,0.103751,0.083488,0.020263,0
2026-05-07T05:48:07.367Z,1778132886000,1778132886370,1778132887367,1778132887367,712633,713,81071.04,81036.74,81049.02,0.211227,0.216419,0.393204,0.395697,0.403706,0.290000,0.300000,0.700000,0.710000,0.093204,0.082267,0.010937,0,0.095697,0.084578,0.011118,0,0.103706,0.085427,0.018279,0
2026-05-07T05:48:08.827Z,1778132887000,1778132887373,1778132888827,1778132888827,711173,711,81071.04,81036.88,81049.02,0.211227,0.216419,0.393098,0.395593,0.403992,0.290000,0.300000,0.700000,0.710000,0.093098,0.083617,0.009481,0,0.095593,0.085965,0.009628,0,0.103992,0.087366,0.016626,0
2026-05-07T05:48:09.369Z,1778132888000,1778132887373,1778132889369,1778132889369,710631,711,81071.04,81036.88,81049.02,0.211227,0.216419,0.393058,0.395554,0.403956,0.290000,0.300000,0.700000,0.710000,0.093058,0.085009,0.008049,0,0.095554,0.087393,0.008161,0,0.103956,0.089393,0.014564,0
2026-05-07T05:48:10.597Z,1778132889000,1778132890357,1778132890597,1778132890597,709403,709,81071.04,81036.88,81049.02,0.211227,0.216419,0.392968,0.395466,0.403875,0.280000,0.300000,0.700000,0.720000,0.092968,0.086403,0.006565,0,0.095466,0.088823,0.006643,0,0.103875,0.091428,0.012447,0
2026-05-07T05:48:10.643Z,1778132889000,1778132890357,1778132890643,1778132890643,709357,709,81071.04,81036.88,81049.02,0.211227,0.216419,0.392965,0.395463,0.403872,0.280000,0.290000,0.710000,0.720000,0.102965,0.087807,0.015158,0,0.105463,0.090263,0.015200,0,0.113872,0.093472,0.020400,0
2026-05-07T05:48:11.181Z,1778132890000,1778132890357,1778132891181,1778132891181,708819,709,81071.04,81036.88,81049.02,0.211227,0.216419,0.392925,0.395424,0.403838,0.280000,0.290000,0.710000,0.720000,0.102925,0.090216,0.012710,0,0.105424,0.092708,0.012716,0,0.113838,0.098336,0.015502,0
2026-05-07T05:48:11.525Z,1778132890000,1778132891362,1778132891525,1778132891525,708475,708,81071.04,81036.88,81049.02,0.211227,0.216419,0.392900,0.395399,0.403815,0.280000,0.300000,0.700000,0.720000,0.092900,0.093161,-0.000261,0,0.095399,0.095654,-0.000255,0,0.103815,0.101325,0.002490,0
2026-05-07T05:48:11.696Z,1778132890000,1778132891362,1778132891696,1778132891696,708304,708,81071.04,81036.88,81049.02,0.211227,0.216419,0.392887,0.395387,0.403804,0.290000,0.310000,0.690000,0.710000,0.082887,0.095110,-0.012223,0,0.085387,0.097605,-0.012218,0,0.093804,0.104584,-0.010780,0
2026-05-07T05:48:12.548Z,1778132891000,1778132892418,1778132892548,1778132892548,707452,707,81071.04,81036.82,81049.02,0.211227,0.216419,0.392825,0.395326,0.403574,0.290000,0.310000,0.690000,0.710000,0.082825,0.094060,-0.011236,0,0.085326,0.096556,-0.011231,0,0.093574,0.104844,-0.011270,0
2026-05-07T05:48:13.577Z,1778132892000,1778132893380,1778132893577,1778132893577,706423,706,81071.04,81036.88,81049.02,0.211227,0.216419,0.392749,0.395252,0.403679,0.300000,0.310000,0.690000,0.700000,0.082749,0.093008,-0.010259,0,0.085252,0.095505,-0.010254,0,0.093679,0.103819,-0.010139,0
2026-05-07T05:48:14.167Z,1778132893000,1778132893380,1778132894167,1778132894167,705833,706,81071.04,81036.88,81049.02,0.211227,0.216419,0.392705,0.395209,0.403642,0.300000,0.310000,0.690000,0.700000,0.082705,0.091958,-0.009253,0,0.085209,0.094456,-0.009247,0,0.093642,0.102811,-0.009170,0
2026-05-07T05:48:15.257Z,1778132894000,1778132894358,1778132895257,1778132895257,704743,705,81071.04,81037.96,81049.02,0.211227,0.216419,0.392625,0.395130,0.406548,0.300000,0.310000,0.690000,0.700000,0.082625,0.090908,-0.008283,0,0.085130,0.093407,-0.008277,0,0.096548,0.101805,-0.005257,0
2026-05-07T05:48:16.291Z,1778132895000,1778132895427,1778132896291,1778132896291,703709,704,81071.04,81038.94,81049.02,0.211227,0.216419,0.392548,0.395055,0.409193,0.300000,0.310000,0.690000,0.700000,0.082548,0.089861,-0.007313,0,0.085055,0.092361,-0.007306,0,0.099193,0.101060,-0.001867,0
2026-05-07T05:48:17.328Z,1778132896000,1778132896419,1778132897328,1778132897328,702672,703,81071.04,81039.43,81049.02,0.211227,0.216419,0.392471,0.394980,0.410498,0.300000,0.310000,0.690000,0.700000,0.082471,0.088810,-0.006339,0,0.084980,0.091311,-0.006331,0,0.100498,0.100584,-0.000086,0
2026-05-07T05:48:18.470Z,1778132897000,1778132898408,1778132898470,1778132898470,701530,702,81071.04,81039.38,81049.02,0.211227,0.216419,0.392386,0.394897,0.410290,0.300000,0.310000,0.690000,0.700000,0.082386,0.087760,-0.005374,0,0.084897,0.090262,-0.005366,0,0.100290,0.100247,0.000044,0
2026-05-07T05:48:19.006Z,1778132898000,1778132898408,1778132899006,1778132899006,700994,701,81071.04,81039.43,81049.02,0.211227,0.216419,0.392346,0.394858,0.410396,0.300000,0.310000,0.690000,0.700000,0.082346,0.085702,-0.003356,0,0.084858,0.088206,-0.003348,0,0.100396,0.098888,0.001508,0
2026-05-07T05:48:20.049Z,1778132899000,1778132899358,1778132900049,1778132900049,699951,700,81071.04,81039.43,81049.02,0.211227,0.216419,0.392268,0.394782,0.410330,0.300000,0.310000,0.690000,0.700000,0.082268,0.083644,-0.001376,0,0.084782,0.086149,-0.001368,0,0.100330,0.097544,0.002786,0
2026-05-07T05:48:21.067Z,1778132900000,1778132900156,1778132901067,1778132901067,698933,699,81071.04,81039.42,81049.02,0.211227,0.216419,0.392192,0.394707,0.410232,0.300000,0.310000,0.690000,0.700000,0.082192,0.082581,-0.000389,0,0.084707,0.085087,-0.000380,0,0.100232,0.097196,0.003036,0
2026-05-07T05:48:22.154Z,1778132901000,1778132901420,1778132902154,1778132902154,697846,698,81071.04,81039.40,81049.02,0.211227,0.216419,0.392110,0.394627,0.410118,0.300000,0.310000,0.690000,0.700000,0.082110,0.082511,-0.000401,0,0.084627,0.085019,-0.000392,0,0.100118,0.097838,0.002280,0
2026-05-07T05:48:23.020Z,1778132902000,1778132902233,1778132903020,1778132903020,696980,697,81071.04,81039.41,81049.02,0.211227,0.216419,0.392045,0.394564,0.410074,0.300000,0.310000,0.690000,0.700000,0.082045,0.082440,-0.000395,0,0.084564,0.084950,-0.000386,0,0.100074,0.098493,0.001581,0
2026-05-07T05:48:23.982Z,1778132903000,1778132903410,1778132903982,1778132903982,696018,696,81071.04,81039.32,81049.02,0.211227,0.216419,0.391973,0.394493,0.409777,0.300000,0.310000,0.690000,0.700000,0.081973,0.082370,-0.000397,0,0.084493,0.084881,-0.000388,0,0.099777,0.099132,0.000645,0
2026-05-07T05:48:25.093Z,1778132904000,1778132904221,1778132905093,1778132905093,694907,695,81071.04,81039.21,81049.02,0.211227,0.216419,0.391889,0.394411,0.409377,0.300000,0.310000,0.690000,0.700000,0.081889,0.082296,-0.000408,0,0.084411,0.084809,-0.000398,0,0.099377,0.099746,-0.000369,0
2026-05-07T05:48:26.229Z,1778132905000,1778132905400,1778132906229,1778132906229,693771,694,81071.04,81039.22,81049.02,0.211227,0.216419,0.391803,0.394327,0.409345,0.300000,0.310000,0.690000,0.700000,0.081803,0.082223,-0.000420,0,0.084327,0.084737,-0.000411,0,0.099345,0.100029,-0.000683,0
2026-05-07T05:48:27.162Z,1778132906000,1778132906291,1778132907162,1778132907162,692838,693,81071.04,81039.23,81049.02,0.211227,0.216419,0.391732,0.394258,0.409314,0.300000,0.310000,0.690000,0.700000,0.081732,0.082148,-0.000416,0,0.084258,0.084664,-0.000407,0,0.099314,0.100044,-0.000729,0
2026-05-07T05:48:28.363Z,1778132907000,1778132906291,1778132908363,1778132908363,691637,692,81071.04,81038.38,81049.02,0.211227,0.216419,0.391641,0.394168,0.406867,0.300000,0.310000,0.690000,0.700000,0.081641,0.082074,-0.000434,0,0.084168,0.084592,-0.000424,0,0.096867,0.099925,-0.003058,0
2026-05-07T05:48:29.563Z,1778132908000,1778132909401,1778132909563,1778132909563,690437,690,81071.04,81038.37,81049.02,0.211227,0.216419,0.391549,0.394079,0.406766,0.300000,0.310000,0.690000,0.700000,0.081549,0.082000,-0.000450,0,0.084079,0.084519,-0.000440,0,0.096766,0.099583,-0.002817,0
2026-05-07T05:48:30.171Z,1778132909000,1778132909401,1778132910171,1778132910171,689829,690,81071.04,81039.06,81049.02,0.211227,0.216419,0.391503,0.394034,0.408652,0.300000,0.310000,0.690000,0.700000,0.081503,0.081920,-0.000417,0,0.084034,0.084441,-0.000408,0,0.098652,0.099220,-0.000568,0
2026-05-07T05:48:31.385Z,1778132910000,1778132910431,1778132911385,1778132911385,688615,689,81071.04,81039.23,81049.02,0.211227,0.216419,0.391410,0.393943,0.409038,0.300000,0.310000,0.690000,0.700000,0.081410,0.081844,-0.000434,0,0.083943,0.084367,-0.000424,0,0.099038,0.099052,-0.000014,0
2026-05-07T05:48:32.629Z,1778132911000,1778132912319,1778132912629,1778132912629,687371,687,81071.04,81039.23,81049.02,0.211227,0.216419,0.391315,0.393849,0.408959,0.300000,0.310000,0.690000,0.700000,0.081315,0.081765,-0.000451,0,0.083849,0.084290,-0.000441,0,0.098959,0.098933,0.000026,0
2026-05-07T05:48:33.249Z,1778132912000,1778132912319,1778132913249,1778132913249,686751,687,81071.04,81039.23,81049.02,0.211227,0.216419,0.391267,0.393803,0.408919,0.300000,0.310000,0.690000,0.700000,0.081267,0.081686,-0.000419,0,0.083803,0.084212,-0.000410,0,0.098919,0.098817,0.000102,0
2026-05-07T05:48:33.306Z,1778132912000,1778132912319,1778132913306,1778132913306,686694,687,81071.04,81039.23,81049.02,0.211227,0.216419,0.391263,0.393799,0.408915,0.300000,0.320000,0.680000,0.700000,0.071263,0.081608,-0.010345,0,0.073799,0.084136,-0.010338,0,0.088915,0.098702,-0.009786,0
2026-05-07T05:48:33.655Z,1778132912000,1778132913378,1778132913655,1778132913655,686345,686,81071.04,81039.23,81049.02,0.211227,0.216419,0.391236,0.393772,0.408893,0.310000,0.320000,0.680000,0.690000,0.071236,0.080537,-0.009301,0,0.073772,0.083067,-0.009295,0,0.088893,0.097615,-0.008722,0
2026-05-07T05:48:34.514Z,1778132913000,1778132914393,1778132914514,1778132914514,685486,685,81071.04,81039.23,81049.02,0.211227,0.216419,0.391170,0.393708,0.408837,0.310000,0.320000,0.680000,0.690000,0.071170,0.079472,-0.008302,0,0.073708,0.082003,-0.008295,0,0.088837,0.096567,-0.007730,0
2026-05-07T05:48:35.194Z,1778132914000,1778132914393,1778132915194,1778132915194,684806,685,81071.04,81039.23,81049.02,0.211227,0.216419,0.391117,0.393656,0.408796,0.310000,0.320000,0.680000,0.690000,0.071117,0.078408,-0.007291,0,0.073656,0.080941,-0.007285,0,0.088796,0.095516,-0.006720,0
2026-05-07T05:48:36.359Z,1778132915000,1778132915427,1778132916359,1778132916359,683641,684,81071.04,81039.23,81049.02,0.211227,0.216419,0.391027,0.393568,0.408719,0.310000,0.320000,0.680000,0.690000,0.071027,0.077347,-0.006320,0,0.073568,0.079881,-0.006313,0,0.088719,0.094464,-0.005746,0
2026-05-07T05:48:37.500Z,1778132916000,1778132917084,1778132917500,1778132917500,682500,683,81071.04,81039.23,81049.02,0.211227,0.216419,0.390939,0.393482,0.408644,0.310000,0.320000,0.680000,0.690000,0.070939,0.076286,-0.005347,0,0.073482,0.078821,-0.005339,0,0.088644,0.093649,-0.005005,0
2026-05-07T05:48:38.285Z,1778132917000,1778132917084,1778132918285,1778132918285,681715,682,81071.04,81039.23,81049.02,0.211227,0.216419,0.390878,0.393422,0.408592,0.310000,0.320000,0.680000,0.690000,0.070878,0.075225,-0.004347,0,0.073422,0.077761,-0.004339,0,0.088592,0.092837,-0.004246,0
2026-05-07T05:48:39.543Z,1778132918000,1778132918258,1778132919543,1778132919543,680457,680,81071.04,81039.23,81049.02,0.211227,0.216419,0.390780,0.393327,0.408511,0.310000,0.320000,0.680000,0.690000,0.070780,0.074162,-0.003382,0,0.073327,0.076700,-0.003374,0,0.088511,0.091831,-0.003320,0
2026-05-07T05:48:40.120Z,1778132919000,1778132918258,1778132920120,1778132920120,679880,680,81071.04,81038.77,81049.02,0.211227,0.216419,0.390735,0.393283,0.407183,0.310000,0.320000,0.680000,0.690000,0.070735,0.073099,-0.002364,0,0.073283,0.075639,-0.002356,0,0.087183,0.090779,-0.003596,0
2026-05-07T05:48:41.414Z,1778132920000,1778132920408,1778132921414,1778132921414,678586,679,81071.04,81038.73,81049.02,0.211227,0.216419,0.390634,0.393184,0.406973,0.310000,0.320000,0.680000,0.690000,0.070634,0.072041,-0.001407,0,0.073184,0.074582,-0.001398,0,0.086973,0.089601,-0.002628,0
2026-05-07T05:48:42.066Z,1778132921000,1778132920408,1778132922066,1778132922066,677934,678,81071.04,81038.74,81049.02,0.211227,0.216419,0.390583,0.393134,0.406975,0.310000,0.320000,0.680000,0.690000,0.070583,0.070978,-0.000395,0,0.073134,0.073520,-0.000386,0,0.086975,0.088406,-0.001431,0
2026-05-07T05:48:43.244Z,1778132922000,1778132920408,1778132923244,1778132923244,676756,677,81071.04,81039.10,81049.02,0.211227,0.216419,0.390490,0.393043,0.407911,0.310000,0.320000,0.680000,0.690000,0.070490,0.070910,-0.000420,0,0.073043,0.073454,-0.000410,0,0.087911,0.088212,-0.000301,0
2026-05-07T05:48:44.293Z,1778132923000,1778132920408,1778132924293,1778132924293,675707,676,81071.04,81039.10,81049.02,0.211227,0.216419,0.390408,0.392963,0.407841,0.310000,0.320000,0.680000,0.690000,0.070408,0.070835,-0.000427,0,0.072963,0.073381,-0.000418,0,0.087841,0.088114,-0.000273,0
2026-05-07T05:48:45.561Z,1778132924000,1778132924160,1778132925561,1778132925561,674439,674,81071.04,81039.11,81049.02,0.211227,0.216419,0.390308,0.392865,0.407780,0.310000,0.320000,0.680000,0.690000,0.070308,0.070759,-0.000451,0,0.072865,0.073306,-0.000441,0,0.087780,0.088014,-0.000235,0
2026-05-07T05:48:46.111Z,1778132925000,1778132924160,1778132926111,1778132926111,673889,674,81071.04,81039.11,81049.02,0.211227,0.216419,0.390264,0.392822,0.407744,0.310000,0.320000,0.680000,0.690000,0.070264,0.070678,-0.000414,0,0.072822,0.073227,-0.000405,0,0.087744,0.087913,-0.000169,0
2026-05-07T05:48:47.365Z,1778132926000,1778132926408,1778132927365,1778132927365,672635,673,81071.04,81039.15,81049.02,0.211227,0.216419,0.390165,0.392725,0.407780,0.310000,0.320000,0.680000,0.690000,0.070165,0.070602,-0.000437,0,0.072725,0.073152,-0.000427,0,0.087780,0.087815,-0.000036,0
2026-05-07T05:48:47.526Z,1778132926000,1778132927383,1778132927526,1778132927526,672474,672,81071.04,81039.15,81054.86,0.211227,0.216419,0.418765,0.420679,0.407769,0.340000,0.350000,0.650000,0.660000,0.068765,0.070524,-0.001759,0,0.070679,0.073077,-0.002398,0,0.057769,0.087729,-0.029960,0
2026-05-07T05:48:47.963Z,1778132927000,1778132927383,1778132927963,1778132927963,672037,672,81071.04,81039.08,81054.86,0.211227,0.216419,0.418739,0.420653,0.407530,0.340000,0.350000,0.650000,0.660000,0.068739,0.070313,-0.001574,0,0.070653,0.072802,-0.002149,0,0.057530,0.084647,-0.027117,0
2026-05-07T05:48:49.236Z,1778132928000,1778132928291,1778132929236,1778132929236,670764,671,81071.04,81038.97,81054.86,0.211227,0.216419,0.418664,0.420579,0.407123,0.340000,0.350000,0.650000,0.660000,0.068664,0.070109,-0.001445,0,0.070579,0.072535,-0.001956,0,0.057123,0.081548,-0.024426,0
2026-05-07T05:48:49.483Z,1778132928000,1778132929431,1778132929483,1778132929483,670517,671,81071.04,81038.97,81056.36,0.211227,0.216419,0.426035,0.427781,0.407106,0.350000,0.370000,0.630000,0.650000,0.056035,0.069902,-0.013867,0,0.057781,0.072265,-0.014484,0,0.037106,0.078543,-0.041436,0
2026-05-07T05:48:49.576Z,1778132928000,1778132929431,1778132929576,1778132929576,670424,670,81071.04,81038.97,81056.36,0.211227,0.216419,0.426030,0.427776,0.407100,0.360000,0.380000,0.620000,0.640000,0.046030,0.068442,-0.022412,0,0.047776,0.070724,-0.022949,0,0.027100,0.073556,-0.046456,0
2026-05-07T05:48:49.768Z,1778132928000,1778132929431,1778132929768,1778132929768,670232,670,81071.04,81038.97,81056.36,0.211227,0.216419,0.426020,0.427765,0.407087,0.380000,0.400000,0.600000,0.620000,0.026020,0.065987,-0.039967,0,0.027765,0.068189,-0.040423,0,0.007087,0.067568,-0.060481,0
2026-05-07T05:48:49.972Z,1778132928000,1778132929431,1778132929972,1778132929972,670028,670,81071.04,81038.97,81056.36,0.211227,0.216419,0.426009,0.427755,0.407073,0.390000,0.400000,0.600000,0.610000,0.026009,0.061540,-0.035531,0,0.027755,0.063661,-0.035906,0,0.007073,0.059486,-0.052413,0
2026-05-07T05:48:50.560Z,1778132929000,1778132930405,1778132930560,1778132930560,669440,669,81071.04,81043.54,81069.05,0.211227,0.216419,0.489771,0.490007,0.420058,0.390000,0.400000,0.600000,0.610000,0.089771,0.057100,0.032671,1,0.090007,0.059140,0.030867,1,0.020058,0.051409,-0.031351,0
2026-05-07T05:48:50.982Z,1778132929000,1778132930405,1778132930982,1778132930982,669018,669,81071.04,81043.54,81069.05,0.211227,0.216419,0.489768,0.490004,0.420033,0.400000,0.410000,0.590000,0.600000,0.079768,0.059046,0.020722,0,0.080004,0.060854,0.019150,0,0.010033,0.044637,-0.034604,0
2026-05-07T05:48:51.145Z,1778132930000,1778132930405,1778132931145,1778132931145,668855,669,81071.04,81045.19,81069.05,0.211227,0.216419,0.489767,0.490003,0.424751,0.400000,0.410000,0.590000,0.600000,0.079767,0.059997,0.019770,0,0.080003,0.061572,0.018430,0,0.014751,0.036866,-0.022115,0
2026-05-07T05:48:52.165Z,1778132931000,1778132931368,1778132932165,1778132932165,667835,668,81071.04,81050.03,81069.05,0.211227,0.216419,0.489759,0.489995,0.438597,0.400000,0.410000,0.590000,0.600000,0.079759,0.060957,0.018802,0,0.079995,0.062300,0.017695,0,0.028597,0.029563,-0.000966,0
2026-05-07T05:48:53.437Z,1778132932000,1778132933326,1778132933437,1778132933437,666563,667,81071.04,81050.81,81069.05,0.211227,0.216419,0.489750,0.489986,0.440794,0.400000,0.410000,0.590000,0.600000,0.079750,0.062056,0.017694,0,0.079986,0.063232,0.016754,0,0.030794,0.026646,0.004149,0
2026-05-07T05:48:54.526Z,1778132933000,1778132933326,1778132934526,1778132934526,665474,665,81071.04,81052.84,81069.05,0.211227,0.216419,0.489742,0.489978,0.446624,0.400000,0.410000,0.590000,0.600000,0.079742,0.063157,0.016584,0,0.079978,0.064165,0.015813,0,0.036624,0.023972,0.012652,0
2026-05-07T05:48:55.082Z,1778132934000,1778132933326,1778132935082,1778132935082,664918,665,81071.04,81052.84,81069.05,0.211227,0.216419,0.489737,0.489974,0.446602,0.400000,0.410000,0.590000,0.600000,0.079737,0.064265,0.015473,0,0.079974,0.065105,0.014869,0,0.036602,0.021922,0.014680,0
2026-05-07T05:48:56.360Z,1778132935000,1778132933326,1778132936360,1778132936360,663640,664,81071.04,81053.36,81069.05,0.211227,0.216419,0.489728,0.489965,0.448047,0.400000,0.410000,0.590000,0.600000,0.079728,0.066635,0.013093,0,0.079965,0.067324,0.012641,0,0.038047,0.021872,0.016175,0
2026-05-07T05:48:57.627Z,1778132936000,1778132937427,1778132937627,1778132937627,662373,662,81071.04,81054.00,81069.05,0.211227,0.216419,0.489718,0.489956,0.449883,0.400000,0.420000,0.580000,0.600000,0.069718,0.070005,-0.000286,0,0.069956,0.070543,-0.000587,0,0.029883,0.022967,0.006916,0
2026-05-07T05:48:58.874Z,1778132937000,1778132937427,1778132938874,1778132938874,661126,661,81071.04,81054.01,81069.05,0.211227,0.216419,0.489709,0.489947,0.449842,0.410000,0.420000,0.580000,0.590000,0.069709,0.074375,-0.004666,0,0.069947,0.074762,-0.004816,0,0.029842,0.025246,0.004596,0
2026-05-07T05:48:59.442Z,1778132938000,1778132939239,1778132939442,1778132939442,660558,661,81071.04,81054.00,81069.05,0.211227,0.216419,0.489705,0.489942,0.449814,0.410000,0.420000,0.580000,0.590000,0.069705,0.078745,-0.009040,0,0.069942,0.078981,-0.009039,0,0.029814,0.027523,0.002291,0
2026-05-07T05:48:59.992Z,1778132939000,1778132939239,1778132939992,1778132939992,660008,660,81071.04,81054.00,81069.05,0.211227,0.216419,0.489701,0.489938,0.449789,0.410000,0.420000,0.580000,0.590000,0.069701,0.076738,-0.007037,0,0.069938,0.076975,-0.007037,0,0.029789,0.028499,0.001290,0
2026-05-07T05:49:01.467Z,1778132940000,1778132941402,1778132941467,1778132941467,658533,659,81071.04,81054.00,81069.05,0.211227,0.216419,0.489690,0.489928,0.449725,0.410000,0.420000,0.580000,0.590000,0.069690,0.075732,-0.006042,0,0.069928,0.075968,-0.006041,0,0.029725,0.030474,-0.000749,0
2026-05-07T05:49:02.008Z,1778132941000,1778132941402,1778132942008,1778132942008,657992,658,81071.04,81054.00,81069.05,0.211227,0.216419,0.489686,0.489924,0.449693,0.410000,0.420000,0.580000,0.590000,0.069686,0.074724,-0.005038,0,0.069924,0.074961,-0.005037,0,0.029693,0.031972,-0.002279,0
2026-05-07T05:49:03.080Z,1778132942000,1778132942416,1778132943080,1778132943080,656920,657,81071.04,81054.69,81069.05,0.211227,0.216419,0.489677,0.489916,0.451671,0.410000,0.420000,0.580000,0.590000,0.069677,0.073717,-0.004039,0,0.069916,0.073954,-0.004038,0,0.031671,0.032081,-0.000410,0
2026-05-07T05:49:03.707Z,1778132942000,1778132943334,1778132943707,1778132943707,656293,656,81071.04,81054.69,81069.05,0.211227,0.216419,0.489673,0.489911,0.451648,0.400000,0.420000,0.580000,0.600000,0.069673,0.072709,-0.003037,0,0.069911,0.072947,-0.003036,0,0.031648,0.032169,-0.000521,0
2026-05-07T05:49:03.708Z,1778132942000,1778132943334,1778132943708,1778132943708,656292,656,81071.04,81054.69,81069.05,0.211227,0.216419,0.489673,0.489911,0.451648,0.390000,0.420000,0.580000,0.610000,0.069673,0.071702,-0.002030,0,0.069911,0.071940,-0.002029,0,0.031648,0.031671,-0.000023,0
2026-05-07T05:49:04.336Z,1778132943000,1778132943334,1778132944336,1778132944336,655664,656,81071.04,81053.57,81069.05,0.211227,0.216419,0.489668,0.489906,0.448359,0.390000,0.400000,0.600000,0.610000,0.089668,0.070696,0.018972,0,0.089906,0.070934,0.018973,0,0.048359,0.031176,0.017183,0
2026-05-07T05:49:04.945Z,1778132943000,1778132944408,1778132944945,1778132944945,655055,655,81071.04,81053.57,81063.01,0.211227,0.216419,0.458859,0.459834,0.448335,0.380000,0.390000,0.610000,0.620000,0.068859,0.071690,-0.002831,0,0.069834,0.071928,-0.002094,0,0.058335,0.032207,0.026128,0
2026-05-07T05:49:05.217Z,1778132944000,1778132944408,1778132945217,1778132945217,654783,655,81071.04,81053.46,81063.01,0.211227,0.216419,0.458851,0.459825,0.448015,0.380000,0.390000,0.610000,0.620000,0.068851,0.071604,-0.002753,0,0.069825,0.071916,-0.002090,0,0.058015,0.035052,0.022963,0
2026-05-07T05:49:05.337Z,1778132944000,1778132944408,1778132945337,1778132945337,654663,655,81071.04,81053.46,81063.01,0.211227,0.216419,0.458847,0.459822,0.448010,0.360000,0.390000,0.610000,0.640000,0.068847,0.071518,-0.002671,0,0.069822,0.071904,-0.002082,0,0.058010,0.037870,0.020141,0
2026-05-07T05:49:05.350Z,1778132944000,1778132944408,1778132945350,1778132945350,654650,655,81071.04,81053.46,81063.01,0.211227,0.216419,0.458847,0.459821,0.448010,0.360000,0.370000,0.630000,0.640000,0.088847,0.071432,0.017414,0,0.089821,0.071891,0.017930,0,0.078010,0.040689,0.037320,1
2026-05-07T05:49:06.287Z,1778132945000,1778132945283,1778132946287,1778132946287,653713,654,81071.04,81051.61,81063.01,0.211227,0.216419,0.458767,0.459743,0.442550,0.360000,0.370000,0.630000,0.640000,0.088767,0.073347,0.015420,0,0.089743,0.073880,0.015863,0,0.072550,0.045511,0.027038,0
2026-05-07T05:49:07.440Z,1778132946000,1778132947283,1778132947440,1778132947440,652560,653,81071.04,81051.59,81063.01,0.211227,0.216419,0.458731,0.459708,0.442465,0.360000,0.370000,0.630000,0.640000,0.088731,0.075255,0.013476,0,0.089708,0.075861,0.013847,0,0.072465,0.049794,0.022671,0
2026-05-07T05:49:08.119Z,1778132947000,1778132947283,1778132948119,1778132948119,651881,652,81071.04,81051.16,81063.01,0.211227,0.216419,0.458710,0.459687,0.441179,0.360000,0.370000,0.630000,0.640000,0.088710,0.077159,0.011550,0,0.089687,0.077840,0.011848,0,0.071179,0.054071,0.017107,0
2026-05-07T05:49:09.437Z,1778132948000,1778132949201,1778132949437,1778132949437,650563,651,81071.04,81051.16,81063.01,0.211227,0.216419,0.458668,0.459647,0.441121,0.360000,0.370000,0.630000,0.640000,0.088668,0.079062,0.009606,0,0.089647,0.079817,0.009830,0,0.071121,0.058022,0.013099,0
2026-05-07T05:49:10.526Z,1778132949000,1778132949201,1778132950526,1778132950526,649474,649,81071.04,81051.59,81063.01,0.211227,0.216419,0.458634,0.459614,0.442317,0.360000,0.370000,0.630000,0.640000,0.088634,0.080962,0.007672,0,0.089614,0.081791,0.007823,0,0.072317,0.061969,0.010347,0
2026-05-07T05:49:11.229Z,1778132950000,1778132949201,1778132951229,1778132951229,648771,649,81071.04,81050.67,81063.01,0.211227,0.216419,0.458612,0.459592,0.439586,0.360000,0.370000,0.630000,0.640000,0.088612,0.082858,0.005754,0,0.089592,0.083761,0.005831,0,0.069586,0.066036,0.003550,0
2026-05-07T05:49:12.196Z,1778132951000,1778132951271,1778132952196,1778132952196,647804,648,81071.04,81050.57,81063.01,0.211227,0.216419,0.458581,0.459562,0.439258,0.360000,0.370000,0.630000,0.640000,0.088581,0.082753,0.005829,0,0.089562,0.083729,0.005833,0,0.069258,0.068159,0.001099,0
2026-05-07T05:49:13.206Z,1778132952000,1778132952397,1778132953206,1778132953206,646794,647,81071.04,81050.51,81063.01,0.211227,0.216419,0.458550,0.459531,0.439038,0.360000,0.370000,0.630000,0.640000,0.088550,0.084725,0.003825,0,0.089531,0.085702,0.003829,0,0.069038,0.069251,-0.000213,0
2026-05-07T05:49:14.241Z,1778132953000,1778132952397,1778132954241,1778132954241,645759,646,81071.04,81050.47,81063.01,0.211227,0.216419,0.458517,0.459499,0.438862,0.360000,0.370000,0.630000,0.640000,0.088517,0.086695,0.001822,0,0.089499,0.087673,0.001826,0,0.068862,0.070353,-0.001491,0
2026-05-07T05:49:15.399Z,1778132954000,1778132954361,1778132955399,1778132955399,644601,645,81071.04,81051.51,81063.01,0.211227,0.216419,0.458480,0.459463,0.441860,0.360000,0.370000,0.630000,0.640000,0.088480,0.088662,-0.000182,0,0.089463,0.089641,-0.000177,0,0.071860,0.071438,0.000422,0
2026-05-07T05:49:15.998Z,1778132955000,1778132954361,1778132955998,1778132955998,644002,644,81071.04,81051.51,81063.01,0.211227,0.216419,0.458461,0.459445,0.441834,0.360000,0.370000,0.630000,0.640000,0.088461,0.088625,-0.000164,0,0.089445,0.089605,-0.000160,0,0.071834,0.070823,0.001010,0
2026-05-07T05:49:17.151Z,1778132956000,1778132954361,1778132957151,1778132957151,642849,643,81071.04,81051.52,81063.01,0.211227,0.216419,0.458424,0.459409,0.441815,0.360000,0.370000,0.630000,0.640000,0.088424,0.088594,-0.000170,0,0.089409,0.089575,-0.000166,0,0.071815,0.070752,0.001064,0
2026-05-07T05:49:18.347Z,1778132957000,1778132954361,1778132958347,1778132958347,641653,642,81071.04,81051.59,81063.01,0.211227,0.216419,0.458386,0.459372,0.441978,0.360000,0.370000,0.630000,0.640000,0.088386,0.088564,-0.000178,0,0.089372,0.089545,-0.000173,0,0.071978,0.070687,0.001291,0
2026-05-07T05:49:19.421Z,1778132958000,1778132958176,1778132959421,1778132959421,640579,641,81071.04,81051.59,81063.01,0.211227,0.216419,0.458352,0.459338,0.441925,0.360000,0.370000,0.630000,0.640000,0.088352,0.088531,-0.000180,0,0.089338,0.089513,-0.000175,0,0.071925,0.070767,0.001158,0
2026-05-07T05:49:20.452Z,1778132959000,1778132960419,1778132960452,1778132960452,639548,640,81071.04,81051.59,81063.01,0.211227,0.216419,0.458318,0.459306,0.441871,0.360000,0.370000,0.630000,0.640000,0.088318,0.088500,-0.000181,0,0.089306,0.089483,-0.000177,0,0.071871,0.070847,0.001024,0
2026-05-07T05:49:21.127Z,1778132960000,1778132960419,1778132961127,1778132961127,638873,639,81071.04,81051.59,81063.01,0.211227,0.216419,0.458297,0.459284,0.441840,0.360000,0.370000,0.630000,0.640000,0.088297,0.088468,-0.000171,0,0.089284,0.089452,-0.000167,0,0.071840,0.070803,0.001037,0
2026-05-07T05:49:22.175Z,1778132961000,1778132961083,1778132962175,1778132962175,637825,638,81071.04,81050.39,81063.01,0.211227,0.216419,0.458263,0.459251,0.438255,0.360000,0.370000,0.630000,0.640000,0.088263,0.088437,-0.000174,0,0.089251,0.089421,-0.000170,0,0.068255,0.071028,-0.002773,0
2026-05-07T05:49:22.993Z,1778132961000,1778132961083,1778132962993,1778132962993,637007,637,81071.04,81050.39,81063.01,0.211227,0.216419,0.458236,0.459226,0.438216,0.350000,0.370000,0.630000,0.650000,0.088236,0.088405,-0.000168,0,0.089226,0.089390,-0.000164,0,0.068216,0.070928,-0.002711,0
2026-05-07T05:49:23.273Z,1778132962000,1778132961083,1778132963273,1778132963273,636727,637,81071.04,81049.33,81063.01,0.211227,0.216419,0.458227,0.459217,0.435081,0.350000,0.370000,0.630000,0.650000,0.088227,0.088373,-0.000146,0,0.089217,0.089359,-0.000143,0,0.065081,0.070846,-0.005764,0
2026-05-07T05:49:24.394Z,1778132963000,1778132963222,1778132964394,1778132964394,635606,636,81071.04,81049.33,81063.01,0.211227,0.216419,0.458191,0.459181,0.435025,0.350000,0.370000,0.630000,0.650000,0.088191,0.088344,-0.000153,0,0.089181,0.089331,-0.000150,0,0.065025,0.070468,-0.005442,0
2026-05-07T05:49:24.954Z,1778132963000,1778132964258,1778132964954,1778132964954,635046,635,81071.04,81049.33,81063.01,0.211227,0.216419,0.458173,0.459163,0.434997,0.350000,0.360000,0.640000,0.650000,0.098173,0.088316,0.009857,0,0.099163,0.089303,0.009861,0,0.074997,0.069784,0.005213,0
2026-05-07T05:49:24.955Z,1778132964000,1778132964258,1778132964955,1778132964955,635045,635,81071.04,81049.32,81063.01,0.211227,0.216419,0.458173,0.459163,0.434977,0.350000,0.360000,0.640000,0.650000,0.098173,0.089287,0.008886,0,0.099163,0.090275,0.008889,0,0.074977,0.070101,0.004877,0
2026-05-07T05:49:26.117Z,1778132965000,1778132964258,1778132966117,1778132966117,633883,634,81071.04,81049.32,81063.01,0.211227,0.216419,0.458135,0.459127,0.434900,0.350000,0.360000,0.640000,0.650000,0.098135,0.090262,0.007873,0,0.099127,0.091250,0.007876,0,0.074900,0.070417,0.004484,0
2026-05-07T05:49:27.351Z,1778132966000,1778132966408,1778132967351,1778132967351,632649,633,81071.04,81049.28,81063.01,0.211227,0.216419,0.458095,0.459087,0.434734,0.350000,0.360000,0.640000,0.650000,0.098095,0.091236,0.006858,0,0.099087,0.092226,0.006862,0,0.074734,0.070709,0.004025,0
2026-05-07T05:49:28.900Z,1778132967000,1778132968390,1778132968900,1778132968900,631100,631,81071.04,81049.28,81063.01,0.211227,0.216419,0.458044,0.459038,0.434642,0.350000,0.360000,0.640000,0.650000,0.098044,0.092211,0.005833,0,0.099038,0.093201,0.005837,0,0.074642,0.070990,0.003652,0
2026-05-07T05:49:29.422Z,1778132968000,1778132968390,1778132969422,1778132969422,630578,631,81071.04,81049.27,81063.01,0.211227,0.216419,0.458027,0.459021,0.434585,0.350000,0.360000,0.640000,0.650000,0.098027,0.093183,0.004843,0,0.099021,0.094174,0.004847,0,0.074585,0.071267,0.003318,0
2026-05-07T05:49:30.021Z,1778132969000,1778132969382,1778132970021,1778132970021,629979,630,81071.04,81049.10,81063.01,0.211227,0.216419,0.458007,0.459002,0.434054,0.350000,0.360000,0.640000,0.650000,0.098007,0.094156,0.003851,0,0.099002,0.095147,0.003854,0,0.074054,0.071541,0.002513,0
2026-05-07T05:49:31.048Z,1778132970000,1778132969382,1778132971048,1778132971048,628952,629,81071.04,81049.23,81063.01,0.211227,0.216419,0.457973,0.458969,0.434387,0.350000,0.360000,0.640000,0.650000,0.097973,0.095131,0.002842,0,0.098969,0.096122,0.002846,0,0.074387,0.072121,0.002265,0
2026-05-07T05:49:32.199Z,1778132971000,1778132971408,1778132972199,1778132972199,627801,628,81071.04,81049.23,81063.01,0.211227,0.216419,0.457935,0.458932,0.434342,0.350000,0.360000,0.640000,0.650000,0.097935,0.096104,0.001831,0,0.098932,0.097097,0.001835,0,0.074342,0.072738,0.001604,0
2026-05-07T05:49:32.528Z,1778132971000,1778132972217,1778132972528,1778132972528,627472,627,81071.04,81049.23,81063.01,0.211227,0.216419,0.457924,0.458921,0.434325,0.350000,0.370000,0.630000,0.650000,0.087924,0.097075,-0.009151,0,0.088921,0.098068,-0.009147,0,0.064325,0.073664,-0.009339,0
2026-05-07T05:49:32.558Z,1778132971000,1778132972217,1778132972558,1778132972558,627442,627,81071.04,81049.23,81063.01,0.211227,0.216419,0.457923,0.458920,0.434324,0.360000,0.370000,0.630000,0.640000,0.087923,0.097049,-0.009125,0,0.088920,0.098042,-0.009122,0,0.064324,0.073594,-0.009271,0
2026-05-07T05:49:33.254Z,1778132972000,1778132972217,1778132973254,1778132973254,626746,627,81071.04,81049.23,81063.01,0.211227,0.216419,0.457900,0.458897,0.434287,0.360000,0.370000,0.630000,0.640000,0.087900,0.096024,-0.008123,0,0.088897,0.097018,-0.008120,0,0.064287,0.072527,-0.008241,0
2026-05-07T05:49:33.942Z,1778132972000,1778132973050,1778132973942,1778132973942,626058,626,81071.04,81049.23,81063.01,0.211227,0.216419,0.457877,0.458875,0.434251,0.350000,0.370000,0.630000,0.650000,0.087877,0.094996,-0.007119,0,0.088875,0.095991,-0.007116,0,0.064251,0.071458,-0.007207,0
2026-05-07T05:49:33.974Z,1778132972000,1778132973050,1778132973974,1778132973974,626026,626,81071.04,81049.23,81063.01,0.211227,0.216419,0.457876,0.458874,0.434249,0.350000,0.360000,0.640000,0.650000,0.097876,0.093971,0.003906,0,0.098874,0.094966,0.003908,0,0.074249,0.070393,0.003856,0
2026-05-07T05:49:34.253Z,1778132973000,1778132973050,1778132974253,1778132974253,625747,626,81071.04,81049.20,81063.01,0.211227,0.216419,0.457867,0.458865,0.434149,0.350000,0.360000,0.640000,0.650000,0.097867,0.093949,0.003918,0,0.098865,0.094945,0.003920,0,0.074149,0.070345,0.003804,0
2026-05-07T05:49:34.281Z,1778132973000,1778132973050,1778132974281,1778132974281,625719,626,81071.04,81049.20,81063.01,0.211227,0.216419,0.457866,0.458864,0.434147,0.330000,0.360000,0.640000,0.670000,0.097866,0.093931,0.003935,0,0.098864,0.094928,0.003937,0,0.074147,0.070295,0.003852,0
2026-05-07T05:49:34.285Z,1778132973000,1778132973050,1778132974285,1778132974285,625715,626,81071.04,81049.20,81063.01,0.211227,0.216419,0.457866,0.458864,0.434147,0.320000,0.360000,0.640000,0.680000,0.097866,0.093915,0.003951,0,0.098864,0.094912,0.003952,0,0.074147,0.070251,0.003895,0
2026-05-07T05:49:34.531Z,1778132973000,1778132974425,1778132974531,1778132974531,625469,625,81071.04,81049.20,81054.21,0.211227,0.216419,0.412504,0.414561,0.434134,0.320000,0.330000,0.670000,0.680000,0.082504,0.093901,-0.011397,0,0.084561,0.094898,-0.010337,0,0.104134,0.070261,0.033873,1
2026-05-07T05:49:35.356Z,1778132974000,1778132974425,1778132975356,1778132975356,624644,625,81071.04,81049.01,81054.21,0.211227,0.216419,0.412448,0.414506,0.433523,0.320000,0.330000,0.670000,0.680000,0.082448,0.092354,-0.009906,0,0.084506,0.093457,-0.008951,0,0.103523,0.073236,0.030287,1
2026-05-07T05:49:36.352Z,1778132975000,1778132975371,1778132976352,1778132976352,623648,624,81071.04,81045.83,81054.21,0.211227,0.216419,0.412379,0.414439,0.424026,0.320000,0.330000,0.670000,0.680000,0.082379,0.090805,-0.008426,0,0.084439,0.092015,-0.007576,0,0.094026,0.076154,0.017872,0
2026-05-07T05:49:37.426Z,1778132976000,1778132976331,1778132977426,1778132977426,622574,623,81071.04,81046.24,81054.21,0.211227,0.216419,0.412305,0.414367,0.425162,0.320000,0.330000,0.670000,0.680000,0.082305,0.090251,-0.007946,0,0.084367,0.091567,-0.007200,0,0.095162,0.079124,0.016039,0
2026-05-07T05:49:37.659Z,1778132976000,1778132976331,1778132977659,1778132977659,622341,622,81071.04,81046.24,81054.21,0.211227,0.216419,0.412289,0.414351,0.425148,0.300000,0.330000,0.670000,0.700000,0.082289,0.089689,-0.007400,0,0.084351,0.091111,-0.006760,0,0.095148,0.082207,0.012941,0
2026-05-07T05:49:37.934Z,1778132976000,1778132976331,1778132977934,1778132977934,622066,622,81071.04,81046.24,81054.21,0.211227,0.216419,0.412270,0.414333,0.425132,0.300000,0.310000,0.690000,0.700000,0.102270,0.089128,0.013142,0,0.104333,0.090657,0.013676,0,0.115132,0.085294,0.029839,0
2026-05-07T05:49:37.943Z,1778132977000,1778132976331,1778132977943,1778132977943,622057,622,81071.04,81046.24,81054.21,0.211227,0.216419,0.412269,0.414332,0.425130,0.300000,0.310000,0.690000,0.700000,0.102269,0.090567,0.011702,0,0.104332,0.092202,0.012130,0,0.115130,0.090382,0.024748,0
2026-05-07T05:49:37.956Z,1778132977000,1778132976331,1778132977956,1778132977956,622044,622,81071.04,81046.24,81054.21,0.211227,0.216419,0.412268,0.414331,0.425129,0.300000,0.320000,0.680000,0.700000,0.092268,0.091006,0.001262,0,0.094331,0.092748,0.001583,0,0.105129,0.094470,0.010660,0
2026-05-07T05:49:38.339Z,1778132977000,1778132976331,1778132978339,1778132978339,621661,622,81071.04,81046.24,81054.21,0.211227,0.216419,0.412242,0.414305,0.425107,0.310000,0.320000,0.680000,0.690000,0.092242,0.090446,0.001796,0,0.094305,0.092295,0.002010,0,0.105107,0.097568,0.007539,0
2026-05-07T05:49:39.034Z,1778132978000,1778132978302,1778132979034,1778132979034,620966,621,81071.04,81046.24,81054.21,0.211227,0.216419,0.412194,0.414258,0.425070,0.310000,0.320000,0.680000,0.690000,0.092194,0.089884,0.002310,0,0.094258,0.091839,0.002419,0,0.105070,0.100664,0.004406,0
2026-05-07T05:49:40.119Z,1778132979000,1778132979259,1778132980119,1778132980119,619881,620,81071.04,81046.24,81054.21,0.211227,0.216419,0.412119,0.414185,0.425005,0.310000,0.320000,0.680000,0.690000,0.092119,0.089317,0.002802,0,0.094185,0.091378,0.002806,0,0.105005,0.103756,0.001248,0
2026-05-07T05:49:41.133Z,1778132980000,1778132979259,1778132981133,1778132981133,618867,619,81071.04,81046.24,81054.21,0.211227,0.216419,0.412048,0.414116,0.424941,0.310000,0.320000,0.680000,0.690000,0.092048,0.090278,0.001770,0,0.094116,0.092341,0.001775,0,0.104941,0.103843,0.001098,0
2026-05-07T05:49:42.899Z,1778132981000,1778132982358,1778132982899,1778132982899,617101,617,81071.04,81046.12,81054.21,0.211227,0.216419,0.411925,0.413996,0.424496,0.310000,0.320000,0.680000,0.690000,0.091925,0.091238,0.000687,0,0.093996,0.093302,0.000694,0,0.104496,0.103985,0.000511,0
2026-05-07T05:49:45.690Z,1778132984000,1778132985413,1778132985690,1778132985690,614310,614,81071.04,81046.23,81054.21,0.211227,0.216419,0.411729,0.413804,0.424659,0.310000,0.320000,0.680000,0.690000,0.091729,0.092193,-0.000464,0,0.093804,0.094257,-0.000453,0,0.104659,0.105032,-0.000373,0
2026-05-07T05:49:46.421Z,1778132985000,1778132985413,1778132986421,1778132986421,613579,614,81071.04,81046.24,81054.21,0.211227,0.216419,0.411678,0.413754,0.424618,0.310000,0.320000,0.680000,0.690000,0.091678,0.093135,-0.001458,0,0.093754,0.095201,-0.001447,0,0.104618,0.105982,-0.001364,0
2026-05-07T05:49:47.214Z,1778132986000,1778132985413,1778132987214,1778132987214,612786,613,81071.04,81046.23,81054.21,0.211227,0.216419,0.411622,0.413699,0.424558,0.310000,0.320000,0.680000,0.690000,0.091622,0.094074,-0.002452,0,0.093699,0.096141,-0.002442,0,0.104558,0.106929,-0.002371,0
2026-05-07T05:49:48.692Z,1778132987000,1778132988421,1778132988692,1778132988692,611308,611,81071.04,81046.23,81054.21,0.211227,0.216419,0.411517,0.413597,0.424464,0.310000,0.320000,0.680000,0.690000,0.091517,0.093009,-0.001492,0,0.093597,0.095078,-0.001481,0,0.104464,0.105871,-0.001407,0
2026-05-07T05:49:49.601Z,1778132988000,1778132988421,1778132989601,1778132989601,610399,610,81071.04,81046.23,81054.21,0.211227,0.216419,0.411453,0.413534,0.424406,0.310000,0.320000,0.680000,0.690000,0.091453,0.091934,-0.000481,0,0.093534,0.094005,-0.000470,0,0.104406,0.104805,-0.000399,0
2026-05-07T05:49:50.270Z,1778132989000,1778132988421,1778132990270,1778132990270,609730,610,81071.04,81046.23,81054.21,0.211227,0.216419,0.411405,0.413488,0.424364,0.310000,0.320000,0.680000,0.690000,0.091405,0.091853,-0.000447,0,0.093488,0.093925,-0.000437,0,0.104364,0.104732,-0.000368,0
2026-05-07T05:49:51.691Z,1778132990000,1778132991233,1778132991691,1778132991691,608309,608,81071.04,81046.23,81054.21,0.211227,0.216419,0.411304,0.413389,0.424275,0.310000,0.320000,0.680000,0.690000,0.091304,0.091769,-0.000465,0,0.093389,0.093843,-0.000454,0,0.104275,0.104658,-0.000384,0
2026-05-07T05:49:52.396Z,1778132991000,1778132991233,1778132992396,1778132992396,607604,608,81071.04,81046.23,81054.21,0.211227,0.216419,0.411254,0.413340,0.424227,0.310000,0.320000,0.680000,0.690000,0.091254,0.091680,-0.000426,0,0.093340,0.093756,-0.000417,0,0.104227,0.104579,-0.000352,0
2026-05-07T05:49:53.219Z,1778132992000,1778132992410,1778132993219,1778132993219,606781,607,81071.04,81046.23,81054.21,0.211227,0.216419,0.411195,0.413282,0.424174,0.310000,0.320000,0.680000,0.690000,0.091195,0.091593,-0.000399,0,0.093282,0.093672,-0.000390,0,0.104174,0.104501,-0.000327,0
2026-05-07T05:49:54.692Z,1778132993000,1778132994428,1778132994692,1778132994692,605308,605,81071.04,81045.89,81054.21,0.211227,0.216419,0.411089,0.413179,0.423077,0.310000,0.320000,0.680000,0.690000,0.091089,0.091508,-0.000419,0,0.093179,0.093588,-0.000410,0,0.103077,0.104424,-0.001348,0
2026-05-07T05:49:55.545Z,1778132994000,1778132995383,1778132995545,1778132995545,604455,604,81071.04,81045.84,81054.21,0.211227,0.216419,0.411028,0.413119,0.422872,0.300000,0.310000,0.690000,0.700000,0.101028,0.091425,0.009603,0,0.103119,0.093507,0.009612,0,0.112872,0.104282,0.008590,0
2026-05-07T05:49:56.310Z,1778132995000,1778132995383,1778132996310,1778132996310,603690,604,81071.04,81045.65,81054.21,0.211227,0.216419,0.410972,0.413065,0.422265,0.300000,0.310000,0.690000,0.700000,0.100972,0.092354,0.008618,0,0.103065,0.094438,0.008627,0,0.112265,0.105103,0.007161,0
2026-05-07T05:49:57.765Z,1778132996000,1778132997183,1778132997765,1778132997765,602235,602,81071.04,81042.57,81054.21,0.211227,0.216419,0.410867,0.412962,0.412893,0.300000,0.310000,0.690000,0.700000,0.100867,0.093284,0.007583,0,0.102962,0.095369,0.007593,0,0.102893,0.105868,-0.002975,0
2026-05-07T05:49:58.404Z,1778132997000,1778132997183,1778132998404,1778132998404,601596,602,81071.04,81042.56,81054.21,0.211227,0.216419,0.410821,0.412917,0.412828,0.300000,0.310000,0.690000,0.700000,0.100821,0.094208,0.006612,0,0.102917,0.096295,0.006621,0,0.102828,0.105702,-0.002874,0
2026-05-07T05:49:59.018Z,1778132998000,1778132998333,1778132999018,1778132999018,600982,601,81071.04,81042.56,81054.21,0.211227,0.216419,0.410776,0.412873,0.412784,0.300000,0.310000,0.690000,0.700000,0.100776,0.095139,0.005637,0,0.102873,0.097227,0.005646,0,0.102784,0.105538,-0.002754,0
2026-05-07T05:50:00.554Z,1778132999000,1778133000380,1778133000554,1778133000554,599446,599,81071.04,81042.56,81054.21,0.211227,0.216419,0.410664,0.412764,0.412668,0.280000,0.310000,0.690000,0.720000,0.100664,0.096071,0.004593,0,0.102764,0.098161,0.004603,0,0.102668,0.105376,-0.002708,0
2026-05-07T05:50:01.298Z,1778133000000,1778133000380,1778133001298,1778133001298,598702,599,81071.04,81042.56,81054.21,0.211227,0.216419,0.410610,0.412711,0.412613,0.270000,0.290000,0.710000,0.730000,0.120610,0.096997,0.023613,0,0.122711,0.099089,0.023622,0,0.122613,0.105206,0.017407,0
2026-05-07T05:50:01.588Z,1778133000000,1778133001408,1778133001588,1778133001588,598412,598,81071.04,81042.56,81054.21,0.211227,0.216419,0.410589,0.412690,0.412593,0.270000,0.280000,0.720000,0.730000,0.130589,0.099928,0.030661,1,0.132690,0.102021,0.030669,1,0.132593,0.107040,0.025553,0
2026-05-07T05:50:03.160Z,1778133002000,1778133002394,1778133003160,1778133003160,596840,597,81071.04,81041.74,81054.21,0.206685,0.209826,0.408548,0.409888,0.410011,0.260000,0.280000,0.720000,0.740000,0.128548,0.103861,0.024687,0,0.129888,0.105956,0.023932,0,0.130011,0.109877,0.020134,0
2026-05-07T05:50:03.166Z,1778133002000,1778133002394,1778133003166,1778133003166,596834,597,81071.04,81041.74,81054.21,0.206685,0.209826,0.408548,0.409888,0.410010,0.270000,0.280000,0.720000,0.730000,0.128548,0.107596,0.020951,0,0.129888,0.109617,0.020271,0,0.130010,0.112460,0.017550,0
2026-05-07T05:50:04.351Z,1778133003000,1778133003376,1778133004351,1778133004351,595649,596,81071.04,81041.74,81049.80,0.206685,0.209826,0.385111,0.386779,0.409921,0.260000,0.280000,0.720000,0.740000,0.105111,0.111342,-0.006231,0,0.106779,0.113288,-0.006509,0,0.129921,0.115154,0.014768,0
2026-05-07T05:50:04.460Z,1778133003000,1778133004324,1778133004460,1778133004460,595540,596,81071.04,81041.74,81049.80,0.206685,0.209826,0.385101,0.386769,0.409913,0.260000,0.270000,0.730000,0.740000,0.115101,0.111751,0.003350,0,0.116769,0.113654,0.003115,0,0.139913,0.116859,0.023055,0
2026-05-07T05:50:05.641Z,1778133004000,1778133004324,1778133005641,1778133005641,594359,594,81071.04,81040.06,81049.80,0.206685,0.209826,0.384991,0.386660,0.404767,0.260000,0.270000,0.730000,0.740000,0.114991,0.113164,0.001827,0,0.116660,0.115024,0.001636,0,0.134767,0.119623,0.015143,0
2026-05-07T05:50:06.382Z,1778133005000,1778133004324,1778133006382,1778133006382,593618,594,81071.04,81039.87,81049.80,0.206685,0.209826,0.384921,0.386591,0.404153,0.260000,0.270000,0.730000,0.740000,0.114921,0.114576,0.000345,0,0.116591,0.116394,0.000197,0,0.134153,0.122811,0.011342,0
2026-05-07T05:50:06.643Z,1778133005000,1778133006428,1778133006643,1778133006643,593357,593,81071.04,81039.87,81045.29,0.206685,0.209826,0.361350,0.363337,0.404132,0.240000,0.270000,0.730000,0.760000,0.091350,0.115986,-0.024636,0,0.093337,0.117761,-0.024424,0,0.134132,0.125943,0.008189,0
2026-05-07T05:50:06.668Z,1778133005000,1778133006428,1778133006668,1778133006668,593332,593,81071.04,81039.87,81045.29,0.206685,0.209826,0.361347,0.363334,0.404130,0.240000,0.250000,0.750000,0.760000,0.111347,0.115043,-0.003696,0,0.113334,0.116808,-0.003473,0,0.154130,0.129078,0.025052,0
2026-05-07T05:50:07.626Z,1778133006000,1778133007339,1778133007626,1778133007626,592374,592,81071.04,81039.86,81045.29,0.206685,0.209826,0.361240,0.363229,0.404018,0.240000,0.250000,0.750000,0.760000,0.111240,0.116112,-0.004871,0,0.113229,0.117865,-0.004636,0,0.154018,0.134224,0.019793,0
2026-05-07T05:50:07.860Z,1778133006000,1778133007339,1778133007860,1778133007860,592140,592,81071.04,81039.86,81045.29,0.206685,0.209826,0.361214,0.363203,0.403999,0.230000,0.250000,0.750000,0.770000,0.111214,0.115175,-0.003961,0,0.113203,0.116916,-0.003714,0,0.153999,0.137365,0.016634,0
2026-05-07T05:50:08.311Z,1778133007000,1778133007339,1778133008311,1778133008311,591689,592,81071.04,81039.86,81045.29,0.206685,0.209826,0.361163,0.363153,0.403964,0.240000,0.260000,0.740000,0.760000,0.101163,0.113237,-0.012074,0,0.103153,0.114968,-0.011815,0,0.143964,0.139505,0.004458,0
2026-05-07T05:50:09.671Z,1778133008000,1778133009390,1778133009671,1778133009671,590329,590,81071.04,81033.61,81045.29,0.206685,0.209826,0.361011,0.363002,0.385121,0.250000,0.260000,0.740000,0.750000,0.101011,0.110499,-0.009488,0,0.103002,0.112294,-0.009292,0,0.125121,0.140901,-0.015780,0
2026-05-07T05:50:10.197Z,1778133009000,1778133009390,1778133010197,1778133010197,589803,590,81071.04,81033.61,81045.29,0.206685,0.209826,0.360951,0.362943,0.385072,0.250000,0.260000,0.740000,0.750000,0.100951,0.107745,-0.006794,0,0.102943,0.109606,-0.006662,0,0.125072,0.140412,-0.015340,0
2026-05-07T05:50:11.486Z,1778133010000,1778133011416,1778133011486,1778133011486,588514,589,81071.04,81033.61,81045.29,0.206685,0.209826,0.360806,0.362800,0.384955,0.250000,0.260000,0.740000,0.750000,0.100806,0.107329,-0.006523,0,0.102800,0.109222,-0.006422,0,0.124955,0.139927,-0.014972,0
2026-05-07T05:50:12.133Z,1778133011000,1778133011416,1778133012133,1778133012133,587867,588,81071.04,81033.61,81045.29,0.206685,0.209826,0.360733,0.362728,0.384893,0.250000,0.260000,0.740000,0.750000,0.100733,0.105899,-0.005167,0,0.102728,0.107825,-0.005097,0,0.124893,0.138431,-0.013538,0
2026-05-07T05:50:13.353Z,1778133012000,1778133012421,1778133013353,1778133013353,586647,587,81071.04,81034.05,81045.29,0.206685,0.209826,0.360594,0.362591,0.386100,0.250000,0.260000,0.740000,0.750000,0.100594,0.104474,-0.003879,0,0.102591,0.106432,-0.003841,0,0.126100,0.137444,-0.011344,0
2026-05-07T05:50:14.537Z,1778133013000,1778133014414,1778133014537,1778133014537,585463,585,81071.04,81034.05,81045.29,0.206685,0.209826,0.360460,0.362458,0.385988,0.250000,0.260000,0.740000,0.750000,0.100460,0.103041,-0.002581,0,0.102458,0.105032,-0.002574,0,0.125988,0.136638,-0.010650,0
2026-05-07T05:50:15.208Z,1778133014000,1778133014414,1778133015208,1778133015208,584792,585,81071.04,81034.05,81045.29,0.206685,0.209826,0.360383,0.362383,0.385925,0.250000,0.260000,0.740000,0.750000,0.100383,0.103952,-0.003569,0,0.102383,0.105944,-0.003561,0,0.125925,0.135824,-0.009899,0
2026-05-07T05:50:15.225Z,1778133014000,1778133014414,1778133015225,1778133015225,584775,585,81071.04,81034.05,81045.29,0.206685,0.209826,0.360381,0.362381,0.385924,0.250000,0.270000,0.730000,0.750000,0.090381,0.102855,-0.012474,0,0.092381,0.104849,-0.012468,0,0.115924,0.133003,-0.017080,0
2026-05-07T05:50:16.406Z,1778133015000,1778133015231,1778133016406,1778133016406,583594,584,81071.04,81034.04,81045.29,0.206685,0.209826,0.360246,0.362248,0.385771,0.250000,0.260000,0.740000,0.750000,0.100246,0.100770,-0.000523,0,0.102248,0.102764,-0.000516,0,0.125771,0.129194,-0.003423,0
2026-05-07T05:50:17.008Z,1778133016000,1778133016420,1778133017008,1778133017008,582992,583,81071.04,81034.04,81045.29,0.206685,0.209826,0.360177,0.362180,0.385714,0.250000,0.260000,0.740000,0.750000,0.100177,0.099673,0.000504,0,0.102180,0.101669,0.000511,0,0.125714,0.126371,-0.000657,0
2026-05-07T05:50:18.392Z,1778133017000,1778133016420,1778133018392,1778133018392,581608,582,81071.04,81033.87,81045.29,0.206685,0.209826,0.360018,0.362023,0.385099,0.250000,0.260000,0.740000,0.750000,0.100018,0.099574,0.000444,0,0.102023,0.101571,0.000452,0,0.125099,0.124546,0.000553,0
2026-05-07T05:50:19.402Z,1778133018000,1778133016420,1778133019402,1778133019402,580598,581,81071.04,81033.87,81045.29,0.206685,0.209826,0.359902,0.361908,0.385002,0.250000,0.260000,0.740000,0.750000,0.099902,0.099475,0.000427,0,0.101908,0.101473,0.000435,0,0.125002,0.124544,0.000458,0
2026-05-07T05:50:19.981Z,1778133019000,1778133016420,1778133019981,1778133019981,580019,580,81071.04,81033.88,81045.29,0.206685,0.209826,0.359835,0.361842,0.384948,0.250000,0.260000,0.740000,0.750000,0.099835,0.099370,0.000465,0,0.101842,0.101370,0.000472,0,0.124948,0.124537,0.000411,0
2026-05-07T05:50:21.062Z,1778133020000,1778133020391,1778133021062,1778133021062,578938,579,81071.04,81033.88,81045.29,0.206685,0.209826,0.359710,0.361719,0.384846,0.250000,0.260000,0.740000,0.750000,0.099710,0.099273,0.000437,0,0.101719,0.101274,0.000445,0,0.124846,0.124537,0.000310,0
2026-05-07T05:50:22.075Z,1778133021000,1778133020391,1778133022075,1778133022075,577925,578,81071.04,81033.87,81045.29,0.206685,0.209826,0.359593,0.361603,0.384746,0.250000,0.260000,0.740000,0.750000,0.099593,0.099171,0.000422,0,0.101603,0.101173,0.000430,0,0.124746,0.124532,0.000214,0
2026-05-07T05:50:23.200Z,1778133022000,1778133020391,1778133023200,1778133023200,576800,577,81071.04,81033.88,81045.29,0.206685,0.209826,0.359462,0.361474,0.384638,0.250000,0.260000,0.740000,0.750000,0.099462,0.099071,0.000392,0,0.101474,0.101074,0.000400,0,0.124638,0.124396,0.000242,0
2026-05-07T05:50:24.305Z,1778133023000,1778133023422,1778133024305,1778133024305,575695,576,81071.04,81033.87,81045.29,0.206685,0.209826,0.359333,0.361347,0.384530,0.250000,0.260000,0.740000,0.750000,0.099333,0.098971,0.000363,0,0.101347,0.100976,0.000371,0,0.124530,0.124261,0.000269,0
2026-05-07T05:50:25.447Z,1778133024000,1778133025344,1778133025447,1778133025447,574553,575,81071.04,81033.87,81045.29,0.206685,0.209826,0.359200,0.361215,0.384418,0.250000,0.260000,0.740000,0.750000,0.099200,0.098866,0.000334,0,0.101215,0.100872,0.000343,0,0.124418,0.124122,0.000296,0
2026-05-07T05:50:26.002Z,1778133025000,1778133025344,1778133026002,1778133026002,573998,574,81071.04,81033.87,81045.29,0.206685,0.209826,0.359135,0.361151,0.384365,0.250000,0.260000,0.740000,0.750000,0.099135,0.099748,-0.000613,0,0.101151,0.101756,-0.000605,0,0.124365,0.124971,-0.000606,0
2026-05-07T05:50:27.830Z,1778133026000,1778133027128,1778133027830,1778133027830,572170,572,81071.04,81033.87,81045.29,0.206685,0.209826,0.358920,0.360939,0.384187,0.250000,0.260000,0.740000,0.750000,0.098920,0.099637,-0.000716,0,0.100939,0.101646,-0.000707,0,0.124187,0.124831,-0.000644,0
2026-05-07T05:50:28.351Z,1778133027000,1778133027128,1778133028351,1778133028351,571649,572,81071.04,81033.87,81045.29,0.206685,0.209826,0.358859,0.360879,0.384136,0.250000,0.260000,0.740000,0.750000,0.098859,0.099511,-0.000652,0,0.100879,0.101522,-0.000644,0,0.124136,0.124678,-0.000542,0
2026-05-07T05:50:28.950Z,1778133028000,1778133028201,1778133028950,1778133028950,571050,571,81071.04,81033.87,81045.29,0.206685,0.209826,0.358788,0.360809,0.384059,0.250000,0.260000,0.740000,0.750000,0.098788,0.099395,-0.000607,0,0.100809,0.101408,-0.000599,0,0.124059,0.124582,-0.000523,0
2026-05-07T05:50:30.024Z,1778133029000,1778133029233,1778133030024,1778133030024,569976,570,81071.04,81033.87,81045.29,0.206685,0.209826,0.358661,0.360684,0.383955,0.250000,0.260000,0.740000,0.750000,0.098661,0.099284,-0.000622,0,0.100684,0.101298,-0.000614,0,0.123955,0.124487,-0.000533,0
2026-05-07T05:50:31.175Z,1778133030000,1778133030393,1778133031175,1778133031175,568825,569,81071.04,81033.87,81045.29,0.206685,0.209826,0.358525,0.360549,0.383841,0.250000,0.260000,0.740000,0.750000,0.098525,0.099166,-0.000641,0,0.100549,0.101182,-0.000633,0,0.123841,0.124388,-0.000547,0
2026-05-07T05:50:32.130Z,1778133031000,1778133030393,1778133032130,1778133032130,567870,568,81071.04,81033.87,81045.29,0.206685,0.209826,0.358411,0.360437,0.383748,0.250000,0.260000,0.740000,0.750000,0.098411,0.099048,-0.000636,0,0.100437,0.101065,-0.000628,0,0.123748,0.124287,-0.000539,0
2026-05-07T05:50:33.187Z,1778133032000,1778133030393,1778133033187,1778133033187,566813,567,81071.04,81033.87,81045.29,0.206685,0.209826,0.358285,0.360313,0.383644,0.250000,0.260000,0.740000,0.750000,0.098285,0.098930,-0.000644,0,0.100313,0.100948,-0.000636,0,0.123644,0.124188,-0.000544,0
2026-05-07T05:50:34.357Z,1778133033000,1778133033330,1778133034357,1778133034357,565643,566,81071.04,81033.87,81045.29,0.206685,0.209826,0.358146,0.360175,0.383531,0.250000,0.260000,0.740000,0.750000,0.098146,0.098812,-0.000666,0,0.100175,0.100832,-0.000658,0,0.123531,0.124088,-0.000558,0
2026-05-07T05:50:35.392Z,1778133034000,1778133033330,1778133035392,1778133035392,564608,565,81071.04,81033.87,81045.29,0.206685,0.209826,0.358022,0.360052,0.383429,0.250000,0.260000,0.740000,0.750000,0.098022,0.098693,-0.000672,0,0.100052,0.100715,-0.000663,0,0.123429,0.123988,-0.000559,0
2026-05-07T05:50:36.414Z,1778133035000,1778133035428,1778133036414,1778133036414,563586,564,81071.04,81033.87,81045.29,0.206685,0.209826,0.357899,0.359931,0.383327,0.250000,0.260000,0.740000,0.750000,0.097899,0.098575,-0.000677,0,0.099931,0.100599,-0.000668,0,0.123327,0.123889,-0.000562,0
2026-05-07T05:50:37.029Z,1778133036000,1778133036420,1778133037029,1778133037029,562971,563,81071.04,81033.87,81045.29,0.206685,0.209826,0.357825,0.359858,0.383264,0.250000,0.260000,0.740000,0.750000,0.097825,0.098452,-0.000627,0,0.099858,0.100477,-0.000619,0,0.123264,0.123786,-0.000522,0
2026-05-07T05:50:38.114Z,1778133037000,1778133037365,1778133038114,1778133038114,561886,562,81071.04,81033.87,81045.29,0.206685,0.209826,0.357694,0.359729,0.383155,0.250000,0.260000,0.740000,0.750000,0.097694,0.098342,-0.000648,0,0.099729,0.100368,-0.000640,0,0.123155,0.123693,-0.000538,0
2026-05-07T05:50:39.040Z,1778133038000,1778133038214,1778133039040,1778133039040,560960,561,81071.04,81033.87,81045.29,0.206685,0.209826,0.357582,0.359618,0.383059,0.250000,0.260000,0.740000,0.750000,0.097582,0.098226,-0.000644,0,0.099618,0.100253,-0.000635,0,0.123059,0.123595,-0.000536,0
2026-05-07T05:50:40.070Z,1778133039000,1778133038214,1778133040070,1778133040070,559930,560,81071.04,81033.87,81045.29,0.206685,0.209826,0.357457,0.359495,0.382955,0.250000,0.260000,0.740000,0.750000,0.097457,0.098105,-0.000648,0,0.099495,0.100134,-0.000640,0,0.122955,0.123495,-0.000540,0
2026-05-07T05:50:41.111Z,1778133040000,1778133039984,1778133041111,1778133041111,558889,559,81071.04,81033.87,81045.29,0.206685,0.209826,0.357330,0.359370,0.382850,0.250000,0.260000,0.740000,0.750000,0.097330,0.097984,-0.000654,0,0.099370,0.100016,-0.000646,0,0.122850,0.123395,-0.000545,0
2026-05-07T05:50:41.664Z,1778133040000,1778133041389,1778133041664,1778133041664,558336,558,81071.04,81033.87,81045.29,0.206685,0.209826,0.357263,0.359303,0.382794,0.250000,0.270000,0.730000,0.750000,0.087263,0.097865,-0.010602,0,0.089303,0.099898,-0.010594,0,0.112794,0.123296,-0.010502,0
2026-05-07T05:50:41.771Z,1778133040000,1778133041389,1778133041771,1778133041771,558229,558,81071.04,81033.87,81045.29,0.206685,0.209826,0.357250,0.359290,0.382783,0.260000,0.270000,0.730000,0.740000,0.087250,0.096750,-0.009500,0,0.089290,0.098784,-0.009494,0,0.112783,0.122201,-0.009418,0
2026-05-07T05:50:42.160Z,1778133041000,1778133041389,1778133042160,1778133042160,557840,558,81071.04,81033.87,81045.29,0.206685,0.209826,0.357202,0.359244,0.382744,0.260000,0.290000,0.710000,0.740000,0.067202,0.095647,-0.028444,0,0.069244,0.097682,-0.028438,0,0.092744,0.121115,-0.028371,0
2026-05-07T05:50:42.174Z,1778133041000,1778133041389,1778133042174,1778133042174,557826,558,81071.04,81033.87,81045.29,0.206685,0.209826,0.357201,0.359242,0.382742,0.280000,0.290000,0.710000,0.720000,0.067201,0.092552,-0.025352,0,0.069242,0.094589,-0.025347,0,0.092742,0.118036,-0.025294,0
2026-05-07T05:50:42.198Z,1778133041000,1778133041389,1778133042198,1778133042198,557802,558,81071.04,81033.87,81045.29,0.206685,0.209826,0.357198,0.359239,0.382740,0.280000,0.300000,0.700000,0.720000,0.057198,0.089470,-0.032272,0,0.059239,0.091508,-0.032269,0,0.082740,0.114967,-0.032228,0
2026-05-07T05:50:42.647Z,1778133041000,1778133042408,1778133042647,1778133042647,557353,557,81071.04,81033.87,81057.42,0.206685,0.209826,0.423140,0.424271,0.382694,0.290000,0.300000,0.700000,0.710000,0.123140,0.085400,0.037740,1,0.124271,0.087439,0.036832,1,0.082694,0.110909,-0.028214,0
2026-05-07T05:50:42.666Z,1778133041000,1778133042408,1778133042666,1778133042666,557334,557,81071.04,81033.87,81057.42,0.206685,0.209826,0.423138,0.424270,0.382692,0.290000,0.320000,0.680000,0.710000,0.103138,0.087932,0.015207,0,0.104270,0.089880,0.014390,0,0.062692,0.106852,-0.044159,0
2026-05-07T05:50:42.690Z,1778133041000,1778133042408,1778133042690,1778133042690,557310,557,81071.04,81033.87,81057.42,0.206685,0.209826,0.423137,0.424268,0.382690,0.310000,0.320000,0.680000,0.690000,0.103137,0.088476,0.014661,0,0.104268,0.090334,0.013934,0,0.062690,0.100805,-0.038116,0
2026-05-07T05:50:42.793Z,1778133041000,1778133042408,1778133042793,1778133042793,557207,557,81071.04,81033.87,81057.42,0.206685,0.209826,0.423130,0.424262,0.382679,0.310000,0.330000,0.670000,0.690000,0.093130,0.089032,0.004098,0,0.094262,0.090799,0.003462,0,0.052679,0.094768,-0.042089,0
2026-05-07T05:50:43.246Z,1778133042000,1778133042408,1778133043246,1778133043246,556754,557,81071.04,81034.16,81057.42,0.206685,0.209826,0.423099,0.424231,0.383528,0.320000,0.330000,0.670000,0.680000,0.093099,0.088599,0.004500,0,0.094231,0.090276,0.003955,0,0.053528,0.087741,-0.034212,0
2026-05-07T05:50:44.253Z,1778133043000,1778133043392,1778133044253,1778133044253,555747,556,81071.04,81039.98,81057.42,0.206685,0.209826,0.423031,0.424164,0.401359,0.320000,0.330000,0.670000,0.680000,0.093031,0.088176,0.004855,0,0.094164,0.089762,0.004402,0,0.071359,0.080809,-0.009450,0
2026-05-07T05:50:45.409Z,1778133044000,1778133044343,1778133045409,1778133045409,554591,555,81071.04,81041.84,81057.42,0.206685,0.209826,0.422952,0.424086,0.407040,0.320000,0.330000,0.670000,0.680000,0.092952,0.088753,0.004199,0,0.094086,0.090248,0.003838,0,0.077040,0.076665,0.000375,0
2026-05-07T05:50:46.538Z,1778133045000,1778133046414,1778133046538,1778133046538,553462,553,81071.04,81041.84,81057.42,0.206685,0.209826,0.422875,0.424010,0.406948,0.320000,0.330000,0.670000,0.680000,0.092875,0.089323,0.003552,0,0.094010,0.090728,0.003282,0,0.076948,0.073091,0.003857,0
2026-05-07T05:50:47.049Z,1778133046000,1778133046414,1778133047049,1778133047049,552951,553,81071.04,81041.84,81057.42,0.206685,0.209826,0.422840,0.423975,0.406904,0.320000,0.330000,0.670000,0.680000,0.092840,0.091890,0.000950,0,0.093975,0.093204,0.000771,0,0.076904,0.071511,0.005393,0
2026-05-07T05:50:48.581Z,1778133047000,1778133048408,1778133048581,1778133048581,551419,551,81071.04,81042.70,81057.42,0.206685,0.209826,0.422734,0.423872,0.409482,0.320000,0.330000,0.670000,0.680000,0.092734,0.094454,-0.001720,0,0.093872,0.095678,-0.001806,0,0.079482,0.069928,0.009554,0
2026-05-07T05:50:49.193Z,1778133048000,1778133048408,1778133049193,1778133049193,550807,551,81071.04,81043.00,81057.42,0.206685,0.209826,0.422692,0.423830,0.410374,0.320000,0.330000,0.670000,0.680000,0.092692,0.098007,-0.005315,0,0.093830,0.099141,-0.005311,0,0.080374,0.069602,0.010772,0
2026-05-07T05:50:50.107Z,1778133049000,1778133049323,1778133050107,1778133050107,549893,550,81071.04,81043.48,81057.42,0.206685,0.209826,0.422629,0.423768,0.411791,0.320000,0.330000,0.670000,0.680000,0.092629,0.094963,-0.002334,0,0.093768,0.096097,-0.002329,0,0.081791,0.069370,0.012421,0
2026-05-07T05:50:50.985Z,1778133049000,1778133050429,1778133050985,1778133050985,549015,549,81071.04,81043.48,81057.42,0.206685,0.209826,0.422568,0.423708,0.411722,0.300000,0.330000,0.670000,0.700000,0.092568,0.093912,-0.001344,0,0.093708,0.095047,-0.001339,0,0.081722,0.071279,0.010442,0
2026-05-07T05:50:51.115Z,1778133050000,1778133050429,1778133051115,1778133051115,548885,549,81071.04,81043.48,81057.42,0.206685,0.209826,0.422559,0.423699,0.411708,0.300000,0.330000,0.670000,0.700000,0.092559,0.092855,-0.000296,0,0.093699,0.093991,-0.000291,0,0.081708,0.073183,0.008526,0
2026-05-07T05:50:51.127Z,1778133050000,1778133050429,1778133051127,1778133051127,548873,549,81071.04,81043.48,81057.42,0.206685,0.209826,0.422558,0.423698,0.411708,0.320000,0.330000,0.670000,0.680000,0.092558,0.092798,-0.000240,0,0.093698,0.093934,-0.000236,0,0.081708,0.076086,0.005622,0
2026-05-07T05:50:52.265Z,1778133051000,1778133051430,1778133052265,1778133052265,547735,548,81071.04,81043.48,81057.42,0.206685,0.209826,0.422479,0.423620,0.411615,0.320000,0.330000,0.670000,0.680000,0.092479,0.092744,-0.000264,0,0.093620,0.093881,-0.000261,0,0.081615,0.078904,0.002711,0
2026-05-07T05:50:53.258Z,1778133052000,1778133052175,1778133053258,1778133053258,546742,547,81071.04,81045.95,81057.42,0.206685,0.209826,0.422410,0.423552,0.419338,0.320000,0.330000,0.670000,0.680000,0.092410,0.092689,-0.000279,0,0.093552,0.093827,-0.000274,0,0.089338,0.079929,0.009409,0
2026-05-07T05:50:54.234Z,1778133053000,1778133053332,1778133054234,1778133054234,545766,546,81071.04,81048.75,81057.42,0.206685,0.209826,0.422342,0.423485,0.428128,0.320000,0.330000,0.670000,0.680000,0.092342,0.092634,-0.000292,0,0.093485,0.093773,-0.000288,0,0.098128,0.081159,0.016969,0
2026-05-07T05:50:55.203Z,1778133054000,1778133053332,1778133055203,1778133055203,544797,545,81071.04,81048.87,81057.42,0.206685,0.209826,0.422274,0.423418,0.428471,0.320000,0.330000,0.670000,0.680000,0.092274,0.092581,-0.000307,0,0.093418,0.093721,-0.000303,0,0.098471,0.083277,0.015194,0
2026-05-07T05:50:56.124Z,1778133055000,1778133055405,1778133056124,1778133056124,543876,544,81071.04,81049.14,81057.42,0.206685,0.209826,0.422209,0.423354,0.429258,0.320000,0.330000,0.670000,0.680000,0.092209,0.092525,-0.000315,0,0.093354,0.093665,-0.000311,0,0.099258,0.085434,0.013824,0
2026-05-07T05:50:56.924Z,1778133055000,1778133056424,1778133056924,1778133056924,543076,543,81071.04,81049.14,81057.42,0.206685,0.209826,0.422153,0.423299,0.429207,0.330000,0.340000,0.660000,0.670000,0.082153,0.092472,-0.010319,0,0.083299,0.093613,-0.010314,0,0.089207,0.087411,0.001796,0
2026-05-07T05:50:57.221Z,1778133056000,1778133056424,1778133057221,1778133057221,542779,543,81071.04,81049.29,81057.42,0.206685,0.209826,0.422132,0.423278,0.429653,0.330000,0.340000,0.660000,0.670000,0.082132,0.091418,-0.009286,0,0.083278,0.092560,-0.009282,0,0.089653,0.088294,0.001359,0
2026-05-07T05:50:58.221Z,1778133057000,1778133057372,1778133058221,1778133058221,541779,542,81071.04,81049.32,81057.42,0.206685,0.209826,0.422062,0.423209,0.429710,0.330000,0.340000,0.660000,0.670000,0.082062,0.090369,-0.008307,0,0.083209,0.091511,-0.008303,0,0.089710,0.089081,0.000630,0
2026-05-07T05:50:59.168Z,1778133058000,1778133058283,1778133059168,1778133059168,540832,541,81071.04,81042.29,81057.42,0.206685,0.209826,0.421995,0.423143,0.407331,0.330000,0.340000,0.660000,0.670000,0.081995,0.089318,-0.007323,0,0.083143,0.090461,-0.007319,0,0.067331,0.089880,-0.022549,0
2026-05-07T05:51:00.155Z,1778133059000,1778133059301,1778133060155,1778133060155,539845,540,81071.04,81047.94,81057.42,0.206685,0.209826,0.421925,0.423074,0.425168,0.330000,0.340000,0.660000,0.670000,0.081925,0.088261,-0.006337,0,0.083074,0.089406,-0.006332,0,0.085168,0.088442,-0.003274,0
2026-05-07T05:51:01.108Z,1778133060000,1778133060427,1778133061108,1778133061108,538892,539,81071.04,81049.07,81057.42,0.206685,0.209826,0.421857,0.423007,0.428706,0.330000,0.340000,0.660000,0.670000,0.081857,0.087198,-0.005341,0,0.083007,0.088343,-0.005336,0,0.088706,0.088788,-0.000082,0
2026-05-07T05:51:02.031Z,1778133061000,1778133061361,1778133062031,1778133062031,537969,538,81071.04,81043.46,81057.42,0.206685,0.209826,0.421791,0.422942,0.410787,0.330000,0.340000,0.660000,0.670000,0.081791,0.086136,-0.004345,0,0.082942,0.087282,-0.004340,0,0.070787,0.089497,-0.018710,0
2026-05-07T05:51:03.032Z,1778133062000,1778133062381,1778133063032,1778133063032,536968,537,81071.04,81049.32,81057.42,0.206685,0.209826,0.421719,0.422871,0.429382,0.330000,0.340000,0.660000,0.670000,0.081719,0.085074,-0.003355,0,0.082871,0.086221,-0.003350,0,0.089382,0.087642,0.001740,0
2026-05-07T05:51:04.072Z,1778133063000,1778133063424,1778133064072,1778133064072,535928,536,81071.04,81044.07,81057.42,0.206685,0.209826,0.421645,0.422798,0.412554,0.330000,0.340000,0.660000,0.670000,0.081645,0.084012,-0.002367,0,0.082798,0.085160,-0.002362,0,0.072554,0.086767,-0.014214,0
2026-05-07T05:51:04.924Z,1778133064000,1778133064417,1778133064924,1778133064924,535076,535,81071.04,81046.46,81057.42,0.206685,0.209826,0.421583,0.422737,0.420121,0.330000,0.340000,0.660000,0.670000,0.081583,0.082949,-0.001365,0,0.082737,0.084097,-0.001360,0,0.080121,0.084176,-0.004055,0
2026-05-07T05:51:05.921Z,1778133065000,1778133065404,1778133065921,1778133065921,534079,534,81071.04,81045.61,81057.42,0.206685,0.209826,0.421511,0.422667,0.417310,0.330000,0.340000,0.660000,0.670000,0.081511,0.081886,-0.000375,0,0.082667,0.083036,-0.000369,0,0.077310,0.082262,-0.004952,0
2026-05-07T05:51:06.949Z,1778133066000,1778133066306,1778133066949,1778133066949,533051,533,81071.04,81045.44,81057.42,0.206685,0.209826,0.421437,0.422593,0.416710,0.330000,0.340000,0.660000,0.670000,0.081437,0.081822,-0.000385,0,0.082593,0.082973,-0.000379,0,0.076710,0.081072,-0.004362,0
2026-05-07T05:51:07.952Z,1778133067000,1778133067431,1778133067952,1778133067952,532048,532,81071.04,81045.31,81057.42,0.206685,0.209826,0.421364,0.422522,0.416193,0.330000,0.340000,0.660000,0.670000,0.081364,0.081752,-0.000388,0,0.082522,0.082904,-0.000382,0,0.076193,0.079778,-0.003585,0
2026-05-07T05:51:08.918Z,1778133068000,1778133068404,1778133068918,1778133068918,531082,531,81071.04,81045.41,81057.42,0.206685,0.209826,0.421294,0.422452,0.416441,0.330000,0.340000,0.660000,0.670000,0.081294,0.081683,-0.000389,0,0.082452,0.082835,-0.000383,0,0.076441,0.078426,-0.001985,0
2026-05-07T05:51:10.387Z,1778133069000,1778133068404,1778133070387,1778133070387,529613,530,81071.04,81045.54,81057.42,0.206685,0.209826,0.421187,0.422347,0.416763,0.330000,0.340000,0.660000,0.670000,0.081187,0.081613,-0.000426,0,0.082347,0.082766,-0.000420,0,0.076763,0.079337,-0.002574,0
2026-05-07T05:51:11.243Z,1778133070000,1778133068404,1778133071243,1778133071243,528757,529,81071.04,81045.80,81057.42,0.206685,0.209826,0.421124,0.422285,0.417522,0.330000,0.340000,0.660000,0.670000,0.081124,0.081539,-0.000415,0,0.082285,0.082694,-0.000409,0,0.077522,0.078497,-0.000975,0
2026-05-07T05:51:12.210Z,1778133071000,1778133068404,1778133072210,1778133072210,527790,528,81071.04,81045.73,81057.42,0.206685,0.209826,0.421053,0.422215,0.417220,0.330000,0.340000,0.660000,0.670000,0.081053,0.081466,-0.000412,0,0.082215,0.082621,-0.000406,0,0.077220,0.077378,-0.000158,0
2026-05-07T05:51:13.774Z,1778133072000,1778133072721,1778133073774,1778133073774,526226,526,81071.04,81045.76,81057.42,0.206685,0.209826,0.420938,0.422102,0.417184,0.330000,0.340000,0.660000,0.670000,0.080938,0.081392,-0.000454,0,0.082102,0.082549,-0.000447,0,0.077184,0.078022,-0.000838,0
2026-05-07T05:51:14.393Z,1778133073000,1778133072721,1778133074393,1778133074393,525607,526,81071.04,81045.76,81057.42,0.206685,0.209826,0.420892,0.422056,0.417137,0.330000,0.340000,0.660000,0.670000,0.080892,0.081314,-0.000421,0,0.082056,0.082472,-0.000415,0,0.077137,0.076802,0.000335,0
2026-05-07T05:51:15.810Z,1778133074000,1778133074125,1778133075810,1778133075810,524190,524,81071.04,81045.91,81057.42,0.206685,0.209826,0.420787,0.421953,0.417534,0.330000,0.340000,0.660000,0.670000,0.080787,0.081239,-0.000451,0,0.081953,0.082398,-0.000445,0,0.077534,0.077260,0.000273,0
2026-05-07T05:51:16.513Z,1778133075000,1778133076183,1778133076513,1778133076513,523487,523,81071.04,81045.72,81057.42,0.206685,0.209826,0.420735,0.421901,0.416850,0.330000,0.340000,0.660000,0.670000,0.080735,0.081159,-0.000424,0,0.081901,0.082319,-0.000418,0,0.076850,0.077001,-0.000152,0
2026-05-07T05:51:17.265Z,1778133076000,1778133076183,1778133077265,1778133077265,522735,523,81071.04,81045.66,81057.42,0.206685,0.209826,0.420679,0.421846,0.416605,0.330000,0.340000,0.660000,0.670000,0.080679,0.081081,-0.000402,0,0.081846,0.082243,-0.000396,0,0.076605,0.076955,-0.000351,0
2026-05-07T05:51:18.606Z,1778133077000,1778133076183,1778133078606,1778133078606,521394,521,81071.04,81045.70,81057.42,0.206685,0.209826,0.420579,0.421748,0.416646,0.330000,0.340000,0.660000,0.670000,0.080579,0.081006,-0.000427,0,0.081748,0.082168,-0.000420,0,0.076646,0.076945,-0.000299,0
2026-05-07T05:51:19.244Z,1778133078000,1778133076183,1778133079244,1778133079244,520756,521,81071.04,81045.69,81057.42,0.206685,0.209826,0.420531,0.421700,0.416540,0.330000,0.340000,0.660000,0.670000,0.080531,0.080927,-0.000396,0,0.081700,0.082091,-0.000390,0,0.076540,0.076990,-0.000450,0
2026-05-07T05:51:20.803Z,1778133079000,1778133080217,1778133080803,1778133080803,519197,519,81071.04,81045.65,81057.42,0.206685,0.209826,0.420414,0.421585,0.416284,0.330000,0.340000,0.660000,0.670000,0.080414,0.080851,-0.000437,0,0.081585,0.082015,-0.000430,0,0.076284,0.077000,-0.000716,0
2026-05-07T05:51:21.387Z,1778133080000,1778133080217,1778133081387,1778133081387,518613,519,81071.04,81045.66,81057.42,0.206685,0.209826,0.420370,0.421542,0.416288,0.330000,0.340000,0.660000,0.670000,0.080370,0.080773,-0.000403,0,0.081542,0.081939,-0.000398,0,0.076288,0.076952,-0.000664,0
2026-05-07T05:51:22.275Z,1778133081000,1778133080217,1778133082275,1778133082275,517725,518,81071.04,81045.66,81057.42,0.206685,0.209826,0.420303,0.421476,0.416219,0.330000,0.340000,0.660000,0.670000,0.080303,0.080698,-0.000395,0,0.081476,0.081865,-0.000389,0,0.076219,0.076829,-0.000610,0
2026-05-07T05:51:23.648Z,1778133082000,1778133083299,1778133083648,1778133083648,516352,516,81071.04,81046.01,81057.42,0.206685,0.209826,0.420199,0.421373,0.417243,0.330000,0.340000,0.660000,0.670000,0.080199,0.080623,-0.000424,0,0.081373,0.081791,-0.000418,0,0.077243,0.076729,0.000514,0
2026-05-07T05:51:24.379Z,1778133083000,1778133083299,1778133084379,1778133084379,515621,516,81071.04,81046.00,81057.42,0.206685,0.209826,0.420143,0.421318,0.417140,0.330000,0.340000,0.660000,0.670000,0.080143,0.080549,-0.000406,0,0.081318,0.081718,-0.000400,0,0.077140,0.076735,0.000406,0
2026-05-07T05:51:25.242Z,1778133084000,1778133084071,1778133085242,1778133085242,514758,515,81071.04,81046.01,81057.42,0.206685,0.209826,0.420078,0.421253,0.417131,0.330000,0.340000,0.660000,0.670000,0.080078,0.080474,-0.000396,0,0.081253,0.081644,-0.000391,0,0.077131,0.076735,0.000397,0
2026-05-07T05:51:26.578Z,1778133085000,1778133084071,1778133086578,1778133086578,513422,513,81071.04,81045.78,81057.42,0.206685,0.209826,0.419976,0.421153,0.416277,0.330000,0.340000,0.660000,0.670000,0.079976,0.080403,-0.000428,0,0.081153,0.081574,-0.000421,0,0.076277,0.076695,-0.000418,0
2026-05-07T05:51:27.463Z,1778133086000,1778133087282,1778133087463,1778133087463,512537,513,81071.04,81045.30,81057.42,0.206685,0.209826,0.419908,0.421086,0.414634,0.330000,0.340000,0.660000,0.670000,0.079908,0.080327,-0.000419,0,0.081086,0.081499,-0.000413,0,0.074634,0.076637,-0.002003,0
2026-05-07T05:51:28.282Z,1778133087000,1778133087282,1778133088282,1778133088282,511718,512,81071.04,81045.29,81057.42,0.206685,0.209826,0.419845,0.421024,0.414517,0.330000,0.340000,0.660000,0.670000,0.079845,0.080250,-0.000405,0,0.081024,0.081423,-0.000399,0,0.074517,0.076440,-0.001923,0
2026-05-07T05:51:29.592Z,1778133088000,1778133089303,1778133089592,1778133089592,510408,510,81071.04,81046.04,81057.42,0.206685,0.209826,0.419744,0.420924,0.416856,0.330000,0.340000,0.660000,0.670000,0.079744,0.080177,-0.000433,0,0.080924,0.081351,-0.000427,0,0.076856,0.076227,0.000628,0
2026-05-07T05:51:30.372Z,1778133089000,1778133089303,1778133090372,1778133090372,509628,510,81071.04,81046.04,81057.42,0.206685,0.209826,0.419684,0.420865,0.416806,0.330000,0.350000,0.650000,0.670000,0.069684,0.080098,-0.010414,0,0.070865,0.081273,-0.010408,0,0.066806,0.076259,-0.009453,0
2026-05-07T05:51:30.394Z,1778133089000,1778133089303,1778133090394,1778133090394,509606,510,81071.04,81046.04,81057.42,0.206685,0.209826,0.419682,0.420863,0.416804,0.340000,0.350000,0.650000,0.660000,0.069682,0.079025,-0.009343,0,0.070863,0.080201,-0.009338,0,0.066804,0.075311,-0.008507,0
2026-05-07T05:51:32.214Z,1778133091000,1778133091408,1778133092214,1778133092214,507786,508,81071.04,81047.06,81057.42,0.206685,0.209826,0.419541,0.420724,0.420014,0.340000,0.350000,0.650000,0.660000,0.069541,0.077956,-0.008415,0,0.070724,0.079134,-0.008409,0,0.070014,0.074363,-0.004349,0
2026-05-07T05:51:33.835Z,1778133092000,1778133093331,1778133093835,1778133093835,506165,506,81071.04,81048.87,81057.42,0.206685,0.209826,0.419414,0.420599,0.425823,0.350000,0.360000,0.640000,0.650000,0.059414,0.076880,-0.017466,0,0.060599,0.078058,-0.017459,0,0.065823,0.073742,-0.007919,0
2026-05-07T05:51:33.983Z,1778133092000,1778133093331,1778133093983,1778133093983,506017,506,81071.04,81048.87,81057.42,0.206685,0.209826,0.419403,0.420588,0.425812,0.340000,0.360000,0.640000,0.660000,0.059403,0.074801,-0.015399,0,0.060588,0.075981,-0.015393,0,0.065812,0.072600,-0.006788,0
2026-05-07T05:51:34.413Z,1778133093000,1778133093331,1778133094413,1778133094413,505587,506,81071.04,81049.57,81057.42,0.206685,0.209826,0.419369,0.420555,0.428099,0.330000,0.350000,0.650000,0.670000,0.069369,0.072727,-0.003358,0,0.070555,0.073908,-0.003353,0,0.078099,0.071467,0.006631,0
2026-05-07T05:51:34.507Z,1778133093000,1778133094407,1778133094507,1778133094507,505493,505,81071.04,81049.57,81047.13,0.206685,0.209826,0.360565,0.362562,0.428092,0.330000,0.340000,0.660000,0.670000,0.020565,0.071656,-0.051091,0,0.022562,0.072838,-0.050276,0,0.088092,0.071564,0.016528,0
2026-05-07T05:51:35.082Z,1778133094000,1778133094407,1778133095082,1778133095082,504918,505,81071.04,81049.37,81047.13,0.206685,0.209826,0.360489,0.362488,0.427390,0.330000,0.340000,0.660000,0.670000,0.020489,0.065715,-0.045226,0,0.022488,0.066979,-0.044492,0,0.087390,0.072746,0.014644,0
2026-05-07T05:51:35.104Z,1778133094000,1778133094407,1778133095104,1778133095104,504896,505,81071.04,81049.37,81047.13,0.206685,0.209826,0.360486,0.362485,0.427388,0.250000,0.340000,0.660000,0.750000,0.020486,0.059773,-0.039287,0,0.022485,0.061119,-0.038635,0,0.087388,0.074021,0.013367,0
2026-05-07T05:51:35.111Z,1778133094000,1778133094407,1778133095111,1778133095111,504889,505,81071.04,81049.37,81047.13,0.206685,0.209826,0.360485,0.362484,0.427388,0.250000,0.260000,0.740000,0.750000,0.100485,0.053838,0.046648,1,0.102484,0.055265,0.047218,1,0.167388,0.075308,0.092080,1
2026-05-07T05:51:35.113Z,1778133094000,1778133094407,1778133095113,1778133095113,504887,505,81071.04,81049.37,81047.13,0.206685,0.209826,0.360485,0.362484,0.427388,0.240000,0.260000,0.740000,0.760000,0.100485,0.055912,0.044573,1,0.102484,0.057421,0.045062,1,0.167388,0.084362,0.083026,1
2026-05-07T05:51:35.120Z,1778133094000,1778133094407,1778133095120,1778133095120,504880,505,81071.04,81049.37,81047.13,0.206685,0.209826,0.360484,0.362483,0.427387,0.300000,0.310000,0.690000,0.700000,0.050484,0.058992,-0.008508,0,0.052483,0.060583,-0.008101,0,0.117387,0.094420,0.022967,0
2026-05-07T05:51:36.307Z,1778133095000,1778133095419,1778133096307,1778133096307,503693,504,81071.04,81043.46,81045.01,0.206685,0.209826,0.348545,0.350698,0.407855,0.300000,0.310000,0.690000,0.700000,0.038545,0.057072,-0.018527,0,0.040698,0.058745,-0.018047,0,0.097855,0.099478,-0.001623,0
2026-05-07T05:51:36.921Z,1778133095000,1778133095419,1778133096921,1778133096921,503079,503,81071.04,81043.46,81045.01,0.206685,0.209826,0.348457,0.350611,0.407800,0.250000,0.310000,0.690000,0.750000,0.038457,0.053972,-0.015515,0,0.040611,0.055743,-0.015131,0,0.097800,0.102262,-0.004462,0
2026-05-07T05:51:37.481Z,1778133096000,1778133097430,1778133097481,1778133097481,502519,503,81071.04,81035.35,81043.04,0.206685,0.209826,0.337547,0.339838,0.381424,0.250000,0.260000,0.740000,0.750000,0.077547,0.051877,0.025670,0,0.079838,0.053744,0.026094,0,0.121424,0.105460,0.015964,0
2026-05-07T05:51:38.867Z,1778133097000,1778133098403,1778133098867,1778133098867,501133,501,81071.04,81035.35,81043.04,0.206685,0.209826,0.337335,0.339629,0.381266,0.250000,0.260000,0.740000,0.750000,0.077335,0.053691,0.023644,0,0.079629,0.055669,0.023961,0,0.121266,0.111021,0.010245,0
2026-05-07T05:51:39.588Z,1778133098000,1778133099431,1778133099588,1778133099588,500412,500,81071.04,81034.82,81043.04,0.206685,0.209826,0.337225,0.339521,0.379507,0.250000,0.260000,0.740000,0.750000,0.077225,0.054488,0.022737,0,0.079521,0.056576,0.022944,0,0.119507,0.115338,0.004169,0
2026-05-07T05:51:40.101Z,1778133099000,1778133099431,1778133100101,1778133100101,499899,500,81071.04,81034.49,81043.04,0.206685,0.209826,0.337147,0.339443,0.378379,0.240000,0.250000,0.750000,0.760000,0.087147,0.060154,0.026993,0,0.089443,0.062272,0.027171,0,0.128379,0.118479,0.009899,0
2026-05-07T05:51:41.399Z,1778133100000,1778133100430,1778133101399,1778133101399,498601,499,81071.04,81034.68,81043.04,0.206685,0.209826,0.336947,0.339246,0.378830,0.230000,0.240000,0.760000,0.770000,0.096947,0.066820,0.030128,1,0.099246,0.068967,0.030279,1,0.138830,0.122578,0.016252,0
2026-05-07T05:51:42.683Z,1778133101000,1778133102402,1778133102683,1778133102683,497317,497,81071.04,81035.34,81043.04,0.206685,0.209826,0.336750,0.339051,0.380823,0.230000,0.240000,0.760000,0.770000,0.096750,0.074466,0.022284,0,0.099051,0.076644,0.022407,0,0.140823,0.127723,0.013100,0
2026-05-07T05:51:43.424Z,1778133102000,1778133102402,1778133103424,1778133103424,496576,497,81071.04,81035.34,81043.04,0.206685,0.209826,0.336635,0.338938,0.380737,0.230000,0.240000,0.760000,0.770000,0.096635,0.074092,0.022543,0,0.098938,0.076300,0.022637,0,0.140737,0.125066,0.015671,0
2026-05-07T05:51:44.623Z,1778133103000,1778133104367,1778133104623,1778133104623,495377,495,81071.04,81034.17,81043.04,0.206685,0.209826,0.336449,0.338754,0.376803,0.220000,0.230000,0.770000,0.780000,0.106449,0.073707,0.032742,1,0.108754,0.075946,0.032809,1,0.146803,0.122401,0.024403,0
2026-05-07T05:51:45.258Z,1778133104000,1778133104367,1778133105258,1778133105258,494742,495,81071.04,81032.40,81043.04,0.206685,0.209826,0.336351,0.338657,0.371020,0.220000,0.230000,0.770000,0.780000,0.106351,0.079304,0.027047,0,0.108657,0.081573,0.027084,0,0.141020,0.125343,0.015678,0
2026-05-07T05:51:46.654Z,1778133105000,1778133106404,1778133106654,1778133106654,493346,493,81071.04,81031.88,81043.04,0.206685,0.209826,0.336133,0.338442,0.369176,0.220000,0.230000,0.770000,0.780000,0.106133,0.086084,0.020049,0,0.108442,0.088369,0.020073,0,0.139176,0.129659,0.009517,0
2026-05-07T05:51:47.195Z,1778133106000,1778133106404,1778133107195,1778133107195,492805,493,81071.04,81031.88,81043.04,0.206685,0.209826,0.336049,0.338359,0.369107,0.220000,0.230000,0.770000,0.780000,0.106049,0.092852,0.013197,0,0.108359,0.095152,0.013207,0,0.139107,0.133797,0.005310,0
2026-05-07T05:51:48.519Z,1778133107000,1778133107233,1778133108519,1778133108519,491481,491,81071.04,81031.88,81043.04,0.206685,0.209826,0.335841,0.338154,0.368930,0.220000,0.230000,0.770000,0.780000,0.105841,0.095702,0.010139,0,0.108154,0.098004,0.010150,0,0.138930,0.135565,0.003365,0
2026-05-07T05:51:49.435Z,1778133108000,1778133109386,1778133109435,1778133109435,490565,491,81071.04,81031.88,81043.04,0.206685,0.209826,0.335697,0.338012,0.368812,0.220000,0.230000,0.770000,0.780000,0.105697,0.098553,0.007145,0,0.108012,0.100856,0.007155,0,0.138812,0.137331,0.001481,0
2026-05-07T05:51:50.707Z,1778133109000,1778133110284,1778133110707,1778133110707,489293,489,81071.04,81031.88,81043.04,0.206685,0.209826,0.335497,0.337814,0.368647,0.220000,0.230000,0.770000,0.780000,0.105497,0.101400,0.004097,0,0.107814,0.103706,0.004108,0,0.138647,0.139262,-0.000614,0
2026-05-07T05:51:51.345Z,1778133110000,1778133110284,1778133111345,1778133111345,488655,489,81071.04,81031.88,81043.04,0.206685,0.209826,0.335396,0.337714,0.368565,0.220000,0.230000,0.770000,0.780000,0.105396,0.103235,0.002161,0,0.107714,0.105543,0.002171,0,0.138565,0.140289,-0.001723,0
2026-05-07T05:51:52.731Z,1778133111000,1778133111258,1778133112731,1778133112731,487269,487,81071.04,81031.88,81043.04,0.206685,0.209826,0.335176,0.337497,0.368386,0.220000,0.230000,0.770000,0.780000,0.105176,0.104080,0.001096,0,0.107497,0.106389,0.001108,0,0.138386,0.140262,-0.001876,0
2026-05-07T05:51:53.334Z,1778133112000,1778133111258,1778133113334,1778133113334,486666,487,81071.04,81031.88,81043.04,0.206685,0.209826,0.335080,0.337402,0.368308,0.220000,0.230000,0.770000,0.780000,0.105080,0.104922,0.000158,0,0.107402,0.107234,0.000168,0,0.138308,0.140018,-0.001710,0
2026-05-07T05:51:54.588Z,1778133113000,1778133114419,1778133114588,1778133114588,485412,485,81071.04,81031.94,81043.04,0.206685,0.209826,0.334880,0.337205,0.368352,0.220000,0.230000,0.770000,0.780000,0.104880,0.105767,-0.000887,0,0.107205,0.108080,-0.000876,0,0.138352,0.139775,-0.001424,0
2026-05-07T05:51:55.292Z,1778133114000,1778133114419,1778133115292,1778133115292,484708,485,81071.04,81031.94,81043.04,0.206685,0.209826,0.334768,0.337094,0.368260,0.220000,0.230000,0.770000,0.780000,0.104768,0.105610,-0.000842,0,0.107094,0.107926,-0.000832,0,0.138260,0.138930,-0.000670,0
2026-05-07T05:51:56.412Z,1778133115000,1778133115380,1778133116412,1778133116412,483588,484,81071.04,81031.95,81043.04,0.206685,0.209826,0.334588,0.336916,0.368148,0.220000,0.230000,0.770000,0.780000,0.104588,0.105452,-0.000863,0,0.106916,0.107769,-0.000853,0,0.138148,0.138654,-0.000506,0
2026-05-07T05:51:57.693Z,1778133116000,1778133117358,1778133117693,1778133117693,482307,482,81071.04,81031.75,81043.04,0.206685,0.209826,0.334382,0.336713,0.367336,0.220000,0.230000,0.770000,0.780000,0.104382,0.105297,-0.000915,0,0.106713,0.107617,-0.000904,0,0.137336,0.138552,-0.001216,0
2026-05-07T05:51:58.216Z,1778133117000,1778133117358,1778133118216,1778133118216,481784,482,81071.04,81031.75,81043.04,0.206685,0.209826,0.334298,0.336630,0.367275,0.220000,0.230000,0.770000,0.780000,0.104298,0.105131,-0.000833,0,0.106630,0.107452,-0.000822,0,0.137275,0.138374,-0.001099,0
2026-05-07T05:51:59.489Z,1778133118000,1778133119308,1778133119489,1778133119489,480511,481,81071.04,81031.75,81043.04,0.206685,0.209826,0.334092,0.336426,0.367108,0.220000,0.230000,0.770000,0.780000,0.104092,0.104976,-0.000884,0,0.106426,0.107300,-0.000873,0,0.137108,0.138209,-0.001101,0
2026-05-07T05:52:00.173Z,1778133119000,1778133119308,1778133120173,1778133120173,479827,480,81071.04,81031.95,81043.04,0.206685,0.209826,0.333981,0.336317,0.367654,0.220000,0.230000,0.770000,0.780000,0.103981,0.104816,-0.000835,0,0.106317,0.107141,-0.000824,0,0.137654,0.138039,-0.000385,0
2026-05-07T05:52:01.636Z,1778133120000,1778133121429,1778133121636,1778133121636,478364,478,81071.04,81031.95,81023.04,0.206685,0.209826,0.230848,0.234211,0.367460,0.200000,0.220000,0.780000,0.800000,0.010848,0.104664,-0.093816,0,0.014211,0.106991,-0.092780,0,0.147460,0.137939,0.009521,0
2026-05-07T05:52:01.657Z,1778133120000,1778133121429,1778133121657,1778133121657,478343,478,81071.04,81031.95,81023.04,0.206685,0.209826,0.230843,0.234206,0.367457,0.180000,0.210000,0.790000,0.820000,0.020843,0.095209,-0.074366,0,0.024206,0.097641,-0.073435,0,0.157457,0.138829,0.018628,0
2026-05-07T05:52:02.294Z,1778133121000,1778133121429,1778133122294,1778133122294,477706,478,81071.04,81030.89,81023.04,0.206685,0.209826,0.230694,0.234058,0.363929,0.170000,0.190000,0.810000,0.830000,0.040694,0.086776,-0.046082,0,0.044058,0.089312,-0.045254,0,0.173929,0.140736,0.033194,1
2026-05-07T05:52:02.507Z,1778133121000,1778133122419,1778133122507,1778133122507,477493,477,81071.04,81030.89,81023.04,0.206685,0.209826,0.230644,0.234009,0.363900,0.160000,0.180000,0.820000,0.840000,0.050644,0.080338,-0.029693,0,0.054009,0.082978,-0.028969,0,0.183900,0.144298,0.039602,1
2026-05-07T05:52:03.557Z,1778133122000,1778133123363,1778133123557,1778133123557,476443,476,81071.04,81026.74,81028.18,0.206685,0.209826,0.255085,0.258258,0.350355,0.160000,0.180000,0.820000,0.840000,0.075085,0.074914,0.000171,0,0.078258,0.077658,0.000600,0,0.170355,0.148853,0.021502,0
2026-05-07T05:52:03.578Z,1778133122000,1778133123363,1778133123578,1778133123578,476422,476,81071.04,81026.74,81028.18,0.206685,0.209826,0.255081,0.258253,0.350352,0.170000,0.180000,0.820000,0.830000,0.075081,0.071946,0.003135,0,0.078253,0.074774,0.003479,0,0.170352,0.152062,0.018290,0
2026-05-07T05:52:04.203Z,1778133123000,1778133123363,1778133124203,1778133124203,475797,476,81071.04,81021.93,81028.18,0.206685,0.209826,0.254942,0.258116,0.334916,0.170000,0.180000,0.820000,0.830000,0.074942,0.068995,0.005947,0,0.078116,0.071908,0.006208,0,0.154916,0.155283,-0.000367,0
2026-05-07T05:52:05.886Z,1778133124000,1778133125410,1778133125886,1778133125886,474114,474,81071.04,81021.82,81028.18,0.206685,0.209826,0.254567,0.257745,0.334311,0.170000,0.180000,0.820000,0.830000,0.074567,0.066051,0.008516,0,0.077745,0.069048,0.008696,0,0.154311,0.157041,-0.002729,0
2026-05-07T05:52:06.430Z,1778133125000,1778133125410,1778133126430,1778133126430,473570,474,81071.04,81021.82,81028.18,0.206685,0.209826,0.254446,0.257624,0.334222,0.170000,0.180000,0.820000,0.830000,0.074446,0.063078,0.011368,0,0.077624,0.066160,0.011464,0,0.154222,0.158744,-0.004522,0
2026-05-07T05:52:06.940Z,1778133126000,1778133126384,1778133126940,1778133126940,473060,473,81071.04,81021.83,81028.18,0.206685,0.209826,0.254332,0.257511,0.334143,0.170000,0.180000,0.820000,0.830000,0.074332,0.060113,0.014219,0,0.077511,0.063280,0.014231,0,0.154143,0.160456,-0.006312,0
2026-05-07T05:52:07.962Z,1778133127000,1778133127393,1778133127962,1778133127962,472038,472,81071.04,81021.83,81028.18,0.206685,0.209826,0.254103,0.257284,0.333980,0.170000,0.180000,0.820000,0.830000,0.074103,0.057148,0.016954,0,0.077284,0.060399,0.016885,0,0.153980,0.162105,-0.008125,0
2026-05-07T05:52:09.044Z,1778133128000,1778133128431,1778133129044,1778133129044,470956,471,81071.04,81020.37,81028.18,0.206685,0.209826,0.253860,0.257043,0.329191,0.170000,0.180000,0.820000,0.830000,0.073860,0.063474,0.010386,0,0.077043,0.066706,0.010337,0,0.149191,0.162757,-0.013566,0
2026-05-07T05:52:10.119Z,1778133129000,1778133128431,1778133130119,1778133130119,469881,470,81071.04,81020.37,81028.18,0.206685,0.209826,0.253617,0.256803,0.329010,0.170000,0.180000,0.820000,0.830000,0.073617,0.068775,0.004842,0,0.076803,0.071990,0.004813,0,0.149010,0.161930,-0.012920,0
2026-05-07T05:52:11.267Z,1778133130000,1778133130430,1778133131267,1778133131267,468733,469,81071.04,81020.37,81028.18,0.206685,0.209826,0.253358,0.256546,0.328817,0.170000,0.180000,0.820000,0.830000,0.073358,0.072068,0.001290,0,0.076546,0.075265,0.001281,0,0.148817,0.159438,-0.010622,0
2026-05-07T05:52:12.397Z,1778133131000,1778133131428,1778133132397,1778133132397,467603,468,81071.04,81020.37,81028.18,0.206685,0.209826,0.253102,0.256292,0.328625,0.170000,0.180000,0.820000,0.830000,0.073102,0.074339,-0.001237,0,0.076292,0.077518,-0.001227,0,0.148625,0.155930,-0.007304,0
2026-05-07T05:52:12.919Z,1778133132000,1778133132392,1778133132919,1778133132919,467081,467,81071.04,81020.37,81028.18,0.206685,0.209826,0.252983,0.256174,0.328533,0.170000,0.180000,0.820000,0.830000,0.072983,0.074141,-0.001158,0,0.076174,0.077322,-0.001148,0,0.148533,0.153757,-0.005224,0
2026-05-07T05:52:14.540Z,1778133133000,1778133134408,1778133134540,1778133134540,465460,465,81071.04,81020.37,81028.18,0.206685,0.209826,0.252614,0.255808,0.328250,0.170000,0.180000,0.820000,0.830000,0.072614,0.073931,-0.001317,0,0.075808,0.077114,-0.001306,0,0.148250,0.151575,-0.003325,0
2026-05-07T05:52:15.209Z,1778133134000,1778133134408,1778133135209,1778133135209,464791,465,81071.04,81020.37,81028.18,0.206685,0.209826,0.252461,0.255656,0.328135,0.170000,0.180000,0.820000,0.830000,0.072461,0.073698,-0.001237,0,0.075656,0.076883,-0.001227,0,0.148135,0.150908,-0.002774,0
2026-05-07T05:52:16.394Z,1778133135000,1778133135410,1778133136394,1778133136394,463606,464,81071.04,81020.36,81028.18,0.206685,0.209826,0.252189,0.255387,0.327919,0.170000,0.180000,0.820000,0.830000,0.072189,0.073487,-0.001298,0,0.075387,0.076674,-0.001287,0,0.147919,0.150291,-0.002372,0
2026-05-07T05:52:17.347Z,1778133136000,1778133135410,1778133137347,1778133137347,462653,463,81071.04,81020.36,81028.18,0.206685,0.209826,0.251970,0.255169,0.327754,0.170000,0.180000,0.820000,0.830000,0.071970,0.073262,-0.001292,0,0.075169,0.076450,-0.001281,0,0.147754,0.149660,-0.001907,0
2026-05-07T05:52:17.754Z,1778133136000,1778133137408,1778133137754,1778133137754,462246,462,81071.04,81020.36,81028.18,0.206685,0.209826,0.251876,0.255077,0.327683,0.160000,0.180000,0.820000,0.840000,0.071876,0.073026,-0.001149,0,0.075077,0.076216,-0.001140,0,0.147683,0.149021,-0.001338,0
2026-05-07T05:52:18.336Z,1778133137000,1778133137408,1778133138336,1778133138336,461664,462,81071.04,81020.36,81028.18,0.206685,0.209826,0.251742,0.254943,0.327585,0.160000,0.180000,0.820000,0.840000,0.071742,0.072803,-0.001061,0,0.074943,0.075995,-0.001052,0,0.147585,0.148392,-0.000807,0
2026-05-07T05:52:18.787Z,1778133137000,1778133138420,1778133138787,1778133138787,461213,461,81071.04,81020.36,81028.18,0.206685,0.209826,0.251638,0.254840,0.327506,0.160000,0.170000,0.830000,0.840000,0.081638,0.072591,0.009047,0,0.084840,0.075785,0.009055,0,0.157506,0.148231,0.009275,0
2026-05-07T05:52:19.481Z,1778133138000,1778133139384,1778133139481,1778133139481,460519,461,81071.04,81019.33,81028.18,0.206685,0.209826,0.251477,0.254681,0.324091,0.160000,0.170000,0.830000,0.840000,0.081477,0.073393,0.008084,0,0.084681,0.076589,0.008092,0,0.154091,0.149081,0.005010,0
2026-05-07T05:52:20.561Z,1778133139000,1778133140408,1778133140561,1778133140561,459439,459,81071.04,81019.56,81028.18,0.206685,0.209826,0.251227,0.254433,0.324648,0.160000,0.170000,0.830000,0.840000,0.081227,0.074205,0.007022,0,0.084433,0.077403,0.007030,0,0.154648,0.149608,0.005040,0
2026-05-07T05:52:21.042Z,1778133140000,1778133140408,1778133141042,1778133141042,458958,459,81071.04,81019.56,81028.18,0.206685,0.209826,0.251115,0.254322,0.324557,0.160000,0.170000,0.830000,0.840000,0.081115,0.075018,0.006097,0,0.084322,0.078217,0.006105,0,0.154557,0.150210,0.004346,0
2026-05-07T05:52:21.557Z,1778133140000,1778133141409,1778133141557,1778133141557,458443,458,81071.04,81019.56,81028.18,0.206685,0.209826,0.250995,0.254203,0.324465,0.140000,0.150000,0.850000,0.860000,0.100995,0.075831,0.025164,0,0.104203,0.079032,0.025171,0,0.174465,0.150813,0.023652,0
2026-05-07T05:52:22.203Z,1778133141000,1778133141409,1778133142203,1778133142203,457797,458,81071.04,81019.56,81028.18,0.206685,0.209826,0.250845,0.254054,0.324352,0.140000,0.150000,0.850000,0.860000,0.100845,0.078669,0.022176,0,0.104054,0.081871,0.022183,0,0.174352,0.153434,0.020917,0
2026-05-07T05:52:23.141Z,1778133142000,1778133142408,1778133143141,1778133143141,456859,457,81071.04,81019.51,81028.18,0.206685,0.209826,0.250625,0.253836,0.324030,0.140000,0.150000,0.850000,0.860000,0.100625,0.081507,0.019118,0,0.103836,0.084711,0.019125,0,0.174030,0.156056,0.017974,0
2026-05-07T05:52:24.249Z,1778133143000,1778133143403,1778133144249,1778133144249,455751,456,81071.04,81018.75,81028.18,0.206685,0.209826,0.250366,0.253579,0.321395,0.140000,0.150000,0.850000,0.860000,0.100366,0.084351,0.016015,0,0.103579,0.087556,0.016023,0,0.171395,0.158667,0.012728,0
2026-05-07T05:52:25.198Z,1778133144000,1778133144351,1778133145198,1778133145198,454802,455,81071.04,81019.42,81028.18,0.206685,0.209826,0.250143,0.253358,0.323357,0.140000,0.150000,0.850000,0.860000,0.100143,0.087191,0.012952,0,0.103358,0.090397,0.012961,0,0.173357,0.161031,0.012326,0
2026-05-07T05:52:26.307Z,1778133145000,1778133145431,1778133146307,1778133146307,453693,454,81071.04,81019.42,81032.96,0.206685,0.209826,0.274381,0.277378,0.323161,0.140000,0.150000,0.850000,0.860000,0.124381,0.090017,0.034364,1,0.127378,0.093225,0.034153,1,0.173161,0.163599,0.009563,0
2026-05-07T05:52:27.497Z,1778133146000,1778133147431,1778133147497,1778133147497,452503,453,81071.04,81022.51,81036.52,0.206685,0.209826,0.293121,0.295927,0.332857,0.140000,0.150000,0.850000,0.860000,0.143121,0.095281,0.047840,1,0.145927,0.098468,0.047459,1,0.182857,0.166156,0.016701,0
2026-05-07T05:52:27.609Z,1778133146000,1778133147431,1778133147609,1778133147609,452391,452,81071.04,81022.51,81036.52,0.206685,0.209826,0.293098,0.295904,0.332838,0.140000,0.160000,0.840000,0.860000,0.133098,0.101430,0.031669,1,0.135904,0.104577,0.031327,1,0.172838,0.168691,0.004147,0
2026-05-07T05:52:27.700Z,1778133146000,1778133147431,1778133147700,1778133147700,452300,452,81071.04,81022.51,81036.52,0.206685,0.209826,0.293079,0.295885,0.332822,0.150000,0.160000,0.840000,0.850000,0.133079,0.106592,0.026488,0,0.135885,0.109699,0.026186,0,0.172822,0.170566,0.002256,0
2026-05-07T05:52:28.420Z,1778133147000,1778133147431,1778133148420,1778133148420,451580,452,81071.04,81023.94,81036.52,0.206685,0.209826,0.292930,0.295738,0.337343,0.160000,0.170000,0.830000,0.840000,0.122930,0.111777,0.011154,0,0.125738,0.114844,0.010893,0,0.167343,0.172383,-0.005041,0
2026-05-07T05:52:28.709Z,1778133147000,1778133148404,1778133148709,1778133148709,451291,451,81071.04,81023.94,81036.52,0.206685,0.209826,0.292871,0.295679,0.337294,0.170000,0.180000,0.820000,0.830000,0.112871,0.115959,-0.003088,0,0.115679,0.118986,-0.003307,0,0.157294,0.173662,-0.016368,0
2026-05-07T05:52:28.938Z,1778133148000,1778133148404,1778133148938,1778133148938,451062,451,81071.04,81023.94,81036.52,0.206685,0.209826,0.292823,0.295632,0.337261,0.170000,0.180000,0.820000,0.830000,0.112823,0.117146,-0.004323,0,0.115632,0.120134,-0.004502,0,0.157261,0.171945,-0.014684,0
2026-05-07T05:52:29.605Z,1778133148000,1778133149353,1778133149605,1778133149605,450395,450,81071.04,81023.94,81039.05,0.206685,0.209826,0.306573,0.309231,0.337148,0.180000,0.210000,0.790000,0.820000,0.096573,0.118344,-0.021771,0,0.099231,0.121291,-0.022061,0,0.127148,0.170236,-0.043088,0
2026-05-07T05:52:29.978Z,1778133149000,1778133149353,1778133149978,1778133149978,450022,450,81071.04,81026.38,81039.05,0.206685,0.209826,0.306499,0.309158,0.345046,0.180000,0.210000,0.790000,0.820000,0.096499,0.117939,-0.021440,0,0.099158,0.120831,-0.021673,0,0.135046,0.165548,-0.030502,0
2026-05-07T05:52:30.220Z,1778133149000,1778133149353,1778133150220,1778133150220,449780,450,81071.04,81026.38,81039.05,0.206685,0.209826,0.306451,0.309111,0.345006,0.200000,0.210000,0.790000,0.800000,0.096451,0.117552,-0.021101,0,0.099111,0.120389,-0.021278,0,0.135006,0.161913,-0.026906,0
2026-05-07T05:52:31.005Z,1778133150000,1778133150401,1778133151005,1778133151005,448995,449,81071.04,81026.57,81039.05,0.206685,0.209826,0.306296,0.308958,0.345521,0.200000,0.210000,0.790000,0.800000,0.096296,0.117183,-0.020886,0,0.098958,0.119964,-0.021006,0,0.135521,0.158078,-0.022557,0
2026-05-07T05:52:32.011Z,1778133151000,1778133151408,1778133152011,1778133152011,447989,448,81071.04,81027.48,81039.05,0.206685,0.209826,0.306097,0.308761,0.348365,0.200000,0.210000,0.790000,0.800000,0.096097,0.114374,-0.018277,0,0.098761,0.117122,-0.018361,0,0.138365,0.154314,-0.015949,0
2026-05-07T05:52:33.191Z,1778133152000,1778133152421,1778133153191,1778133153191,446809,447,81071.04,81027.49,81039.05,0.206685,0.209826,0.305863,0.308529,0.348192,0.200000,0.210000,0.790000,0.800000,0.095863,0.109672,-0.013809,0,0.098529,0.112406,-0.013876,0,0.138192,0.149865,-0.011672,0
2026-05-07T05:52:34.081Z,1778133153000,1778133152421,1778133154081,1778133154081,445919,446,81071.04,81027.27,81039.05,0.206685,0.209826,0.305686,0.308354,0.347335,0.200000,0.210000,0.790000,0.800000,0.095686,0.105948,-0.010263,0,0.098354,0.108668,-0.010314,0,0.137335,0.146400,-0.009065,0
2026-05-07T05:52:35.182Z,1778133154000,1778133152421,1778133155182,1778133155182,444818,445,81071.04,81027.27,81039.05,0.206685,0.209826,0.305466,0.308137,0.347152,0.200000,0.210000,0.790000,0.800000,0.095466,0.102209,-0.006743,0,0.098137,0.104915,-0.006778,0,0.137152,0.142851,-0.005699,0
2026-05-07T05:52:36.369Z,1778133155000,1778133152421,1778133156369,1778133156369,443631,444,81071.04,81027.41,81039.05,0.206685,0.209826,0.305228,0.307901,0.347409,0.200000,0.210000,0.790000,0.800000,0.095228,0.099463,-0.004235,0,0.097901,0.102155,-0.004254,0,0.137409,0.139832,-0.002423,0
2026-05-07T05:52:37.589Z,1778133156000,1778133157402,1778133157589,1778133157589,442411,442,81071.04,81027.48,81039.05,0.206685,0.209826,0.304982,0.307658,0.347466,0.200000,0.210000,0.790000,0.800000,0.094982,0.097698,-0.002716,0,0.097658,0.100377,-0.002719,0,0.137466,0.137844,-0.000377,0
2026-05-07T05:52:38.143Z,1778133157000,1778133157402,1778133158143,1778133158143,441857,442,81071.04,81027.48,81039.05,0.206685,0.209826,0.304871,0.307548,0.347376,0.200000,0.210000,0.790000,0.800000,0.094871,0.095914,-0.001044,0,0.097548,0.098580,-0.001032,0,0.137376,0.135864,0.001512,0
2026-05-07T05:52:39.255Z,1778133158000,1778133158322,1778133159255,1778133159255,440745,441,81071.04,81028.14,81040.67,0.206685,0.209826,0.313762,0.316339,0.349389,0.200000,0.210000,0.790000,0.800000,0.103762,0.095744,0.008018,0,0.106339,0.098412,0.007927,0,0.139389,0.136887,0.002502,0
2026-05-07T05:52:39.957Z,1778133158000,1778133159158,1778133159957,1778133159957,440043,440,81071.04,81028.14,81040.67,0.206685,0.209826,0.313625,0.316203,0.349275,0.190000,0.210000,0.790000,0.810000,0.103625,0.096470,0.007155,0,0.106203,0.099130,0.007074,0,0.139275,0.137321,0.001954,0
2026-05-07T05:52:40.351Z,1778133159000,1778133159158,1778133160351,1778133160351,439649,440,81071.04,81028.22,81040.67,0.206685,0.209826,0.313548,0.316127,0.349462,0.190000,0.210000,0.790000,0.810000,0.103548,0.097188,0.006360,0,0.106127,0.099839,0.006288,0,0.139462,0.137748,0.001714,0
2026-05-07T05:52:41.534Z,1778133160000,1778133160233,1778133161534,1778133161534,438466,438,81071.04,81028.01,81040.67,0.206685,0.209826,0.313316,0.315898,0.348559,0.190000,0.210000,0.790000,0.810000,0.103316,0.097913,0.005404,0,0.105898,0.100556,0.005342,0,0.138559,0.138142,0.000417,0
2026-05-07T05:52:41.633Z,1778133160000,1778133160233,1778133161633,1778133161633,438367,438,81071.04,81028.01,81040.67,0.206685,0.209826,0.313297,0.315879,0.348543,0.180000,0.200000,0.800000,0.820000,0.113297,0.098635,0.014662,0,0.115879,0.101270,0.014609,0,0.148543,0.138161,0.010382,0
2026-05-07T05:52:41.692Z,1778133160000,1778133160233,1778133161692,1778133161692,438308,438,81071.04,81028.01,81040.67,0.206685,0.209826,0.313285,0.315867,0.348534,0.180000,0.190000,0.810000,0.820000,0.123285,0.100378,0.022907,0,0.125867,0.103004,0.022863,0,0.158534,0.139197,0.019337,0
2026-05-07T05:52:42.280Z,1778133161000,1778133160233,1778133162280,1778133162280,437720,438,81071.04,81028.01,81040.67,0.206685,0.209826,0.313170,0.315753,0.348437,0.180000,0.190000,0.810000,0.820000,0.123170,0.103138,0.020032,0,0.125753,0.105756,0.019997,0,0.158437,0.141316,0.017121,0
2026-05-07T05:52:43.136Z,1778133162000,1778133162416,1778133163136,1778133163136,436864,437,81071.04,81027.99,81040.67,0.206685,0.209826,0.313001,0.315586,0.348245,0.180000,0.190000,0.810000,0.820000,0.123001,0.105908,0.017093,0,0.125586,0.108517,0.017069,0,0.158245,0.143445,0.014800,0
2026-05-07T05:52:44.247Z,1778133163000,1778133163309,1778133164247,1778133164247,435753,436,81071.04,81027.91,81040.67,0.206685,0.209826,0.312782,0.315369,0.347783,0.180000,0.190000,0.810000,0.820000,0.122782,0.108686,0.014096,0,0.125369,0.111286,0.014083,0,0.157783,0.145529,0.012255,0
2026-05-07T05:52:44.836Z,1778133163000,1778133164362,1778133164836,1778133164836,435164,435,81071.04,81027.91,81040.67,0.206685,0.209826,0.312665,0.315254,0.347686,0.170000,0.190000,0.810000,0.830000,0.122665,0.111466,0.011199,0,0.125254,0.114057,0.011197,0,0.157686,0.147560,0.010125,0
2026-05-07T05:52:45.395Z,1778133164000,1778133164362,1778133165395,1778133165395,434605,435,81071.04,81027.92,81040.67,0.206685,0.209826,0.312554,0.315144,0.347645,0.170000,0.180000,0.820000,0.830000,0.132554,0.114245,0.018309,0,0.135144,0.116828,0.018317,0,0.167645,0.149591,0.018053,0
2026-05-07T05:52:45.998Z,1778133165000,1778133165383,1778133165998,1778133165998,434002,434,81071.04,81027.89,81040.67,0.206685,0.209826,0.312434,0.315026,0.347430,0.170000,0.180000,0.820000,0.830000,0.132434,0.117124,0.015310,0,0.135026,0.119708,0.015318,0,0.167430,0.152417,0.015013,0
2026-05-07T05:52:47.128Z,1778133166000,1778133166306,1778133167128,1778133167128,432872,433,81071.04,81027.61,81040.67,0.206685,0.209826,0.312208,0.314803,0.346301,0.170000,0.180000,0.820000,0.830000,0.132208,0.120005,0.012203,0,0.134803,0.122590,0.012212,0,0.166301,0.155232,0.011069,0
2026-05-07T05:52:48.834Z,1778133167000,1778133167283,1778133168834,1778133168834,431166,431,81071.04,81027.63,81040.67,0.206685,0.209826,0.311867,0.314465,0.346092,0.170000,0.180000,0.820000,0.830000,0.131867,0.122871,0.008995,0,0.134465,0.125458,0.009007,0,0.166092,0.157916,0.008175,0
2026-05-07T05:52:49.349Z,1778133168000,1778133167283,1778133169349,1778133169349,430651,431,81071.04,81027.67,81040.67,0.206685,0.209826,0.311763,0.314363,0.346134,0.170000,0.180000,0.820000,0.830000,0.131763,0.125726,0.006037,0,0.134363,0.128315,0.006048,0,0.166134,0.160670,0.005465,0
2026-05-07T05:52:50.757Z,1778133169000,1778133170158,1778133170757,1778133170757,429243,429,81071.04,81027.71,81040.67,0.206685,0.209826,0.311479,0.314082,0.346019,0.170000,0.180000,0.820000,0.830000,0.131479,0.127573,0.003906,0,0.134082,0.130163,0.003919,0,0.166019,0.162429,0.003590,0
2026-05-07T05:52:51.356Z,1778133170000,1778133170158,1778133171356,1778133171356,428644,429,81071.04,81027.70,81040.67,0.206685,0.209826,0.311358,0.313962,0.345882,0.170000,0.180000,0.820000,0.830000,0.131358,0.128392,0.002966,0,0.133962,0.130985,0.002978,0,0.165882,0.163177,0.002705,0
2026-05-07T05:52:52.534Z,1778133171000,1778133172183,1778133172534,1778133172534,427466,427,81071.04,81027.68,81040.67,0.206685,0.209826,0.311119,0.313726,0.345625,0.170000,0.180000,0.820000,0.830000,0.131119,0.129211,0.001908,0,0.133726,0.131805,0.001920,0,0.165625,0.163922,0.001704,0
2026-05-07T05:52:53.269Z,1778133172000,1778133172183,1778133173269,1778133173269,426731,427,81071.04,81027.67,81040.67,0.206685,0.209826,0.310969,0.313578,0.345468,0.170000,0.180000,0.820000,0.830000,0.130969,0.130023,0.000946,0,0.133578,0.132619,0.000959,0,0.165468,0.164660,0.000809,0
2026-05-07T05:52:54.543Z,1778133173000,1778133173405,1778133174543,1778133174543,425457,425,81071.04,81027.75,81040.67,0.206685,0.209826,0.310709,0.313321,0.345506,0.170000,0.180000,0.820000,0.830000,0.130709,0.130842,-0.000133,0,0.133321,0.133440,-0.000120,0,0.165506,0.165428,0.000078,0
2026-05-07T05:52:55.079Z,1778133174000,1778133173405,1778133175079,1778133175079,424921,425,81071.04,81027.75,81040.67,0.206685,0.209826,0.310599,0.313212,0.345439,0.170000,0.180000,0.820000,0.830000,0.130599,0.131646,-0.001047,0,0.133212,0.134247,-0.001035,0,0.165439,0.166210,-0.000771,0
2026-05-07T05:52:56.475Z,1778133175000,1778133175408,1778133176475,1778133176475,423525,424,81071.04,81027.77,81040.67,0.206685,0.209826,0.310312,0.312929,0.345241,0.170000,0.180000,0.820000,0.830000,0.130312,0.131451,-0.001138,0,0.132929,0.134054,-0.001125,0,0.165241,0.165990,-0.000749,0
2026-05-07T05:52:57.090Z,1778133176000,1778133175408,1778133177090,1778133177090,422910,423,81071.04,81027.62,81040.67,0.206685,0.209826,0.310186,0.312803,0.344642,0.170000,0.180000,0.820000,0.830000,0.130186,0.131238,-0.001053,0,0.132803,0.133844,-0.001041,0,0.164642,0.165771,-0.001129,0
2026-05-07T05:52:58.294Z,1778133177000,1778133177333,1778133178294,1778133178294,421706,422,81071.04,81027.82,81040.67,0.206685,0.209826,0.309937,0.312557,0.345108,0.170000,0.180000,0.820000,0.830000,0.129937,0.131036,-0.001099,0,0.132557,0.133644,-0.001087,0,0.165108,0.165605,-0.000496,0
2026-05-07T05:52:59.561Z,1778133178000,1778133179333,1778133179561,1778133179561,420439,420,81071.04,81027.82,81040.67,0.206685,0.209826,0.309674,0.312297,0.344888,0.170000,0.180000,0.820000,0.830000,0.129674,0.130843,-0.001169,0,0.132297,0.133453,-0.001156,0,0.164888,0.165507,-0.000618,0
2026-05-07T05:53:00.320Z,1778133179000,1778133179333,1778133180320,1778133180320,419680,420,81071.04,81027.74,81040.67,0.206685,0.209826,0.309516,0.312141,0.344486,0.170000,0.180000,0.820000,0.830000,0.129516,0.130634,-0.001119,0,0.132141,0.133247,-0.001106,0,0.164486,0.165382,-0.000896,0
2026-05-07T05:53:00.584Z,1778133179000,1778133180408,1778133180584,1778133180584,419416,419,81071.04,81027.74,81040.67,0.206685,0.209826,0.309461,0.312086,0.344440,0.160000,0.180000,0.820000,0.840000,0.129461,0.130438,-0.000977,0,0.132086,0.133053,-0.000966,0,0.164440,0.165229,-0.000789,0
2026-05-07T05:53:01.636Z,1778133180000,1778133181408,1778133181636,1778133181636,418364,418,81071.04,81027.48,81040.67,0.206685,0.209826,0.309241,0.311869,0.343357,0.140000,0.150000,0.850000,0.860000,0.159241,0.130248,0.028993,0,0.161869,0.132865,0.029004,0,0.193357,0.165084,0.028273,0
2026-05-07T05:53:02.332Z,1778133181000,1778133181408,1778133182332,1778133182332,417668,418,81071.04,81027.48,81040.67,0.206685,0.209826,0.309095,0.311725,0.343234,0.140000,0.150000,0.850000,0.860000,0.159095,0.133060,0.026034,0,0.161725,0.135679,0.026045,0,0.193234,0.167858,0.025377,0
2026-05-07T05:53:03.538Z,1778133182000,1778133183408,1778133183538,1778133183538,416462,416,81071.04,81024.12,81040.67,0.206685,0.209826,0.308841,0.311474,0.331671,0.140000,0.150000,0.850000,0.860000,0.158841,0.135873,0.022968,0,0.161474,0.138494,0.022980,0,0.181671,0.170634,0.011037,0
2026-05-07T05:53:04.097Z,1778133183000,1778133183408,1778133184097,1778133184097,415903,416,81071.04,81024.12,81040.67,0.206685,0.209826,0.308723,0.311357,0.331565,0.140000,0.150000,0.850000,0.860000,0.158723,0.138686,0.020037,0,0.161357,0.141309,0.020048,0,0.181565,0.172251,0.009315,0
2026-05-07T05:53:05.404Z,1778133184000,1778133184408,1778133185404,1778133185404,414596,415,81071.04,81024.12,81040.67,0.206685,0.209826,0.308447,0.311084,0.331322,0.140000,0.150000,0.850000,0.860000,0.158447,0.141498,0.016948,0,0.161084,0.144124,0.016960,0,0.181322,0.173863,0.007459,0
2026-05-07T05:53:06.026Z,1778133185000,1778133185408,1778133186026,1778133186026,413974,414,81071.04,81024.13,81040.67,0.206685,0.209826,0.308315,0.310953,0.331205,0.140000,0.150000,0.850000,0.860000,0.158315,0.144312,0.014003,0,0.160953,0.146939,0.014014,0,0.181205,0.175471,0.005734,0
2026-05-07T05:53:07.222Z,1778133186000,1778133186401,1778133187222,1778133187222,412778,413,81071.04,81024.13,81040.67,0.206685,0.209826,0.308060,0.310702,0.330982,0.140000,0.150000,0.850000,0.860000,0.158060,0.147125,0.010935,0,0.160702,0.149754,0.010947,0,0.180982,0.177128,0.003854,0
2026-05-07T05:53:08.451Z,1778133187000,1778133188341,1778133188451,1778133188451,411549,412,81071.04,81024.13,81040.67,0.206685,0.209826,0.307797,0.310442,0.330746,0.140000,0.150000,0.850000,0.860000,0.157797,0.149937,0.007860,0,0.160442,0.152569,0.007873,0,0.180746,0.178715,0.002031,0
2026-05-07T05:53:09.035Z,1778133188000,1778133188341,1778133189035,1778133189035,410965,411,81071.04,81024.13,81040.67,0.206685,0.209826,0.307672,0.310318,0.330634,0.140000,0.150000,0.850000,0.860000,0.157672,0.152749,0.004923,0,0.160318,0.155383,0.004935,0,0.180634,0.180301,0.000333,0
2026-05-07T05:53:10.180Z,1778133189000,1778133189408,1778133190180,1778133190180,409820,410,81071.04,81024.13,81040.67,0.206685,0.209826,0.307426,0.310075,0.330414,0.140000,0.150000,0.850000,0.860000,0.157426,0.155565,0.001861,0,0.160075,0.158201,0.001874,0,0.180414,0.181916,-0.001501,0
2026-05-07T05:53:11.305Z,1778133190000,1778133190305,1778133191305,1778133191305,408695,409,81071.04,81024.13,81040.67,0.206685,0.209826,0.307183,0.309835,0.330200,0.140000,0.150000,0.850000,0.860000,0.157183,0.158362,-0.001179,0,0.159835,0.161000,-0.001165,0,0.180200,0.183513,-0.003313,0
2026-05-07T05:53:12.444Z,1778133191000,1778133192133,1778133192444,1778133192444,407556,408,81071.04,81024.13,81040.67,0.206685,0.209826,0.306936,0.309590,0.329982,0.140000,0.150000,0.850000,0.860000,0.156936,0.158156,-0.001220,0,0.159590,0.160796,-0.001206,0,0.179982,0.182197,-0.002216,0
2026-05-07T05:53:13.182Z,1778133192000,1778133192133,1778133193182,1778133193182,406818,407,81071.04,81024.13,81040.67,0.206685,0.209826,0.306776,0.309432,0.329841,0.140000,0.150000,0.850000,0.860000,0.156776,0.157940,-0.001164,0,0.159432,0.160583,-0.001151,0,0.179841,0.180872,-0.001031,0
2026-05-07T05:53:14.245Z,1778133193000,1778133192133,1778133194245,1778133194245,405755,406,81071.04,81024.13,81040.67,0.206685,0.209826,0.306544,0.309203,0.329633,0.140000,0.150000,0.850000,0.860000,0.156544,0.157733,-0.001190,0,0.159203,0.160379,-0.001176,0,0.179633,0.180689,-0.001056,0
2026-05-07T05:53:15.423Z,1778133194000,1778133194426,1778133195423,1778133195423,404577,405,81071.04,81024.13,81040.67,0.206685,0.209826,0.306286,0.308948,0.329403,0.140000,0.150000,0.850000,0.860000,0.156286,0.157515,-0.001229,0,0.158948,0.160163,-0.001216,0,0.179403,0.180496,-0.001093,0
2026-05-07T05:53:15.911Z,1778133195000,1778133194426,1778133195911,1778133195911,404089,404,81071.04,81024.13,81040.67,0.206685,0.209826,0.306179,0.308842,0.329310,0.140000,0.150000,0.850000,0.860000,0.156179,0.157299,-0.001120,0,0.158842,0.159950,-0.001108,0,0.179310,0.180304,-0.000994,0
2026-05-07T05:53:17.034Z,1778133196000,1778133196375,1778133197034,1778133197034,402966,403,81071.04,81023.70,81040.67,0.206685,0.209826,0.305932,0.308597,0.327619,0.140000,0.150000,0.850000,0.860000,0.155932,0.157086,-0.001154,0,0.158597,0.159739,-0.001141,0,0.177619,0.180115,-0.002495,0
2026-05-07T05:53:17.997Z,1778133196000,1778133197385,1778133197997,1778133197997,402003,402,81071.04,81023.70,81040.67,0.206685,0.209826,0.305719,0.308387,0.327427,0.130000,0.150000,0.850000,0.870000,0.155719,0.156873,-0.001154,0,0.158387,0.159528,-0.001141,0,0.177427,0.179778,-0.002351,0
2026-05-07T05:53:18.199Z,1778133197000,1778133197385,1778133198199,1778133198199,401801,402,81071.04,81023.70,81040.67,0.206685,0.209826,0.305674,0.308343,0.327372,0.130000,0.150000,0.850000,0.870000,0.155674,0.156665,-0.000991,0,0.158343,0.159323,-0.000980,0,0.177372,0.179446,-0.002074,0
2026-05-07T05:53:18.398Z,1778133197000,1778133197385,1778133198398,1778133198398,401602,402,81071.04,81023.70,81040.67,0.206685,0.209826,0.305630,0.308299,0.327332,0.130000,0.140000,0.860000,0.870000,0.165630,0.156465,0.009165,0,0.168299,0.159125,0.009174,0,0.187332,0.179120,0.008212,0
2026-05-07T05:53:19.326Z,1778133198000,1778133198409,1778133199326,1778133199326,400674,401,81071.04,81024.13,81040.67,0.206685,0.209826,0.305424,0.308096,0.328630,0.130000,0.140000,0.860000,0.870000,0.165424,0.157286,0.008138,0,0.168096,0.159948,0.008148,0,0.188630,0.179812,0.008817,0
2026-05-07T05:53:20.518Z,1778133199000,1778133200386,1778133200518,1778133200518,399482,399,81071.04,81024.13,81040.67,0.206685,0.209826,0.305159,0.307833,0.328391,0.130000,0.140000,0.860000,0.870000,0.165159,0.158110,0.007049,0,0.167833,0.160774,0.007060,0,0.188391,0.180655,0.007736,0
2026-05-07T05:53:21.791Z,1778133200000,1778133201407,1778133201791,1778133201791,398209,398,81071.04,81024.21,81040.67,0.206685,0.209826,0.304874,0.307552,0.328395,0.130000,0.140000,0.860000,0.870000,0.164874,0.158932,0.005942,0,0.167552,0.161598,0.005954,0,0.188395,0.181496,0.006899,0
2026-05-07T05:53:22.506Z,1778133201000,1778133201407,1778133202506,1778133202506,397494,397,81071.04,81022.98,81040.67,0.206685,0.209826,0.304714,0.307393,0.324056,0.130000,0.140000,0.860000,0.870000,0.164714,0.159742,0.004972,0,0.167393,0.162410,0.004983,0,0.184056,0.182351,0.001705,0
2026-05-07T05:53:23.939Z,1778133202000,1778133203413,1778133203939,1778133203939,396061,396,81071.04,81022.98,81039.07,0.206685,0.209826,0.294965,0.297751,0.323766,0.120000,0.140000,0.860000,0.880000,0.154965,0.160559,-0.005594,0,0.157751,0.163229,-0.005478,0,0.183766,0.182794,0.000972,0
2026-05-07T05:53:24.625Z,1778133203000,1778133204422,1778133204625,1778133204625,395375,395,81071.04,81022.98,81039.07,0.206685,0.209826,0.294804,0.297592,0.323612,0.120000,0.140000,0.860000,0.880000,0.154804,0.160427,-0.005623,0,0.157592,0.163109,-0.005517,0,0.183612,0.183230,0.000382,0
2026-05-07T05:53:25.408Z,1778133204000,1778133204422,1778133205408,1778133205408,394592,395,81071.04,81022.98,81039.07,0.206685,0.209826,0.294620,0.297410,0.323451,0.120000,0.130000,0.870000,0.880000,0.164620,0.160290,0.004331,0,0.167410,0.162984,0.004425,0,0.193451,0.183660,0.009791,0
2026-05-07T05:53:26.270Z,1778133205000,1778133204422,1778133206270,1778133206270,393730,394,81071.04,81022.98,81039.07,0.206685,0.209826,0.294417,0.297209,0.323275,0.120000,0.130000,0.870000,0.880000,0.164417,0.161158,0.003258,0,0.167209,0.163866,0.003343,0,0.193275,0.185243,0.008032,0
2026-05-07T05:53:27.758Z,1778133206000,1778133207408,1778133207758,1778133207758,392242,392,81071.04,81021.50,81039.07,0.206685,0.209826,0.294064,0.296860,0.317916,0.100000,0.110000,0.890000,0.900000,0.184064,0.162028,0.022036,0,0.186860,0.164748,0.022112,0,0.207916,0.186828,0.021088,0
2026-05-07T05:53:28.565Z,1778133207000,1778133208410,1778133208565,1778133208565,391435,391,81071.04,81021.48,81039.07,0.206685,0.209826,0.293872,0.296670,0.317672,0.100000,0.110000,0.890000,0.900000,0.183872,0.164867,0.019005,0,0.186670,0.167600,0.019070,0,0.207672,0.189882,0.017790,0
2026-05-07T05:53:29.294Z,1778133208000,1778133208410,1778133209294,1778133209294,390706,391,81071.04,81021.31,81039.07,0.206685,0.209826,0.293698,0.296498,0.316926,0.100000,0.110000,0.890000,0.900000,0.183698,0.166691,0.017007,0,0.186498,0.169437,0.017061,0,0.206926,0.191916,0.015010,0
2026-05-07T05:53:30.132Z,1778133209000,1778133208410,1778133210132,1778133210132,389868,390,81071.04,81021.31,81039.07,0.206685,0.209826,0.293498,0.296300,0.316748,0.100000,0.110000,0.890000,0.900000,0.183498,0.168519,0.014979,0,0.186300,0.171277,0.015023,0,0.206748,0.193746,0.013002,0
2026-05-07T05:53:31.600Z,1778133210000,1778133211332,1778133211600,1778133211600,388400,388,81071.04,81021.31,81039.07,0.206685,0.209826,0.293146,0.295951,0.316428,0.100000,0.110000,0.890000,0.900000,0.183146,0.170353,0.012793,0,0.185951,0.173123,0.012828,0,0.206428,0.195582,0.010846,0
2026-05-07T05:53:32.356Z,1778133211000,1778133211332,1778133212356,1778133212356,387644,388,81071.04,81021.31,81039.07,0.206685,0.209826,0.292963,0.295771,0.316263,0.100000,0.110000,0.890000,0.900000,0.182963,0.172180,0.010783,0,0.185771,0.174963,0.010807,0,0.206263,0.197385,0.008878,0
2026-05-07T05:53:33.701Z,1778133212000,1778133213241,1778133213701,1778133213701,386299,386,81071.04,81021.31,81039.07,0.206685,0.209826,0.292638,0.295449,0.315966,0.100000,0.110000,0.890000,0.900000,0.182638,0.174005,0.008633,0,0.185449,0.176801,0.008648,0,0.205966,0.199605,0.006360,0
2026-05-07T05:53:34.496Z,1778133213000,1778133214409,1778133214496,1778133214496,385504,386,81071.04,81021.31,81039.07,0.206685,0.209826,0.292445,0.295258,0.315791,0.100000,0.110000,0.890000,0.900000,0.182445,0.176772,0.005673,0,0.185258,0.179571,0.005687,0,0.205791,0.201825,0.003965,0
2026-05-07T05:53:35.238Z,1778133214000,1778133214409,1778133215238,1778133215238,384762,385,81071.04,81021.31,81039.07,0.206685,0.209826,0.292264,0.295079,0.315625,0.100000,0.110000,0.890000,0.900000,0.182264,0.179536,0.002728,0,0.185079,0.182338,0.002742,0,0.205625,0.204043,0.001582,0
2026-05-07T05:53:36.633Z,1778133215000,1778133216333,1778133216633,1778133216633,383367,383,81071.04,81021.31,81039.07,0.206685,0.209826,0.291923,0.294742,0.315316,0.100000,0.110000,0.890000,0.900000,0.181923,0.181301,0.000623,0,0.184742,0.184104,0.000637,0,0.205316,0.205261,0.000055,0
2026-05-07T05:53:37.424Z,1778133216000,1778133216333,1778133217424,1778133217424,382576,383,81071.04,81021.31,81039.07,0.206685,0.209826,0.291729,0.294550,0.315138,0.100000,0.110000,0.890000,0.900000,0.181729,0.183051,-0.001322,0,0.184550,0.185858,-0.001308,0,0.205138,0.206465,-0.001327,0
2026-05-07T05:53:38.109Z,1778133217000,1778133217423,1778133218109,1778133218109,381891,382,81071.04,81021.31,81039.07,0.206685,0.209826,0.291561,0.294383,0.314987,0.100000,0.110000,0.890000,0.900000,0.181561,0.182818,-0.001257,0,0.184383,0.185627,-0.001244,0,0.204987,0.206187,-0.001200,0
2026-05-07T05:53:39.623Z,1778133218000,1778133218408,1778133219623,1778133219623,380377,380,81071.04,81021.31,81039.07,0.206685,0.209826,0.291187,0.294013,0.314651,0.100000,0.110000,0.890000,0.900000,0.181187,0.182587,-0.001400,0,0.184013,0.185398,-0.001385,0,0.204651,0.205919,-0.001268,0
2026-05-07T05:53:40.802Z,1778133219000,1778133220427,1778133220802,1778133220802,379198,379,81071.04,81021.31,81039.07,0.206685,0.209826,0.290895,0.293724,0.314389,0.100000,0.110000,0.890000,0.900000,0.180895,0.182336,-0.001441,0,0.183724,0.185150,-0.001426,0,0.204389,0.205691,-0.001302,0
2026-05-07T05:53:41.679Z,1778133220000,1778133220427,1778133221679,1778133221679,378321,378,81071.04,81021.31,81039.07,0.206685,0.209826,0.290676,0.293508,0.314194,0.100000,0.110000,0.890000,0.900000,0.180676,0.182075,-0.001399,0,0.183508,0.184892,-0.001384,0,0.204194,0.205455,-0.001261,0
2026-05-07T05:53:42.151Z,1778133221000,1778133220427,1778133222151,1778133222151,377849,378,81071.04,81021.31,81039.07,0.206685,0.209826,0.290558,0.293391,0.314094,0.100000,0.110000,0.890000,0.900000,0.180558,0.181828,-0.001270,0,0.183391,0.184648,-0.001256,0,0.204094,0.205232,-0.001138,0
2026-05-07T05:53:42.176Z,1778133221000,1778133220427,1778133222176,1778133222176,377824,378,81071.04,81021.31,81039.07,0.206685,0.209826,0.290552,0.293385,0.314088,0.090000,0.110000,0.890000,0.910000,0.180552,0.181588,-0.001036,0,0.183385,0.184410,-0.001025,0,0.204088,0.205015,-0.000927,0
2026-05-07T05:53:42.675Z,1778133221000,1778133222415,1778133222675,1778133222675,377325,377,81071.04,81021.31,81039.07,0.206685,0.209826,0.290427,0.293262,0.313975,0.090000,0.100000,0.900000,0.910000,0.190427,0.181379,0.009048,0,0.193262,0.184203,0.009058,0,0.213975,0.204827,0.009148,0
2026-05-07T05:53:43.331Z,1778133222000,1778133222415,1778133223331,1778133223331,376669,377,81071.04,81021.31,81039.07,0.206685,0.209826,0.290263,0.293099,0.313828,0.090000,0.100000,0.900000,0.910000,0.190263,0.182177,0.008086,0,0.193099,0.185004,0.008095,0,0.213828,0.205646,0.008182,0
2026-05-07T05:53:44.332Z,1778133223000,1778133223146,1778133224332,1778133224332,375668,376,81071.04,81021.32,81039.07,0.206685,0.209826,0.290011,0.292850,0.313604,0.090000,0.100000,0.900000,0.910000,0.190011,0.182977,0.007034,0,0.192850,0.185806,0.007044,0,0.213604,0.206466,0.007138,0
2026-05-07T05:53:45.504Z,1778133224000,1778133224358,1778133225504,1778133225504,374496,374,81071.04,81021.32,81039.07,0.206685,0.209826,0.289716,0.292557,0.313339,0.090000,0.100000,0.900000,0.910000,0.189716,0.183786,0.005930,0,0.192557,0.186616,0.005941,0,0.213339,0.207295,0.006045,0
2026-05-07T05:53:46.088Z,1778133225000,1778133224358,1778133226088,1778133226088,373912,374,81071.04,81021.32,81039.07,0.206685,0.209826,0.289568,0.292411,0.313204,0.090000,0.100000,0.900000,0.910000,0.189568,0.184585,0.004983,0,0.192411,0.187417,0.004994,0,0.213204,0.208115,0.005088,0
2026-05-07T05:53:47.209Z,1778133226000,1778133224358,1778133227209,1778133227209,372791,373,81071.04,81021.32,81039.07,0.206685,0.209826,0.289283,0.292129,0.312943,0.090000,0.100000,0.900000,0.910000,0.189283,0.185385,0.003898,0,0.192129,0.188220,0.003909,0,0.212943,0.208937,0.004007,0
2026-05-07T05:53:48.289Z,1778133227000,1778133227384,1778133228289,1778133228289,371711,372,81071.04,81021.32,81039.07,0.206685,0.209826,0.289008,0.291857,0.312695,0.090000,0.100000,0.900000,0.910000,0.189008,0.186195,0.002813,0,0.191857,0.189032,0.002825,0,0.212695,0.209766,0.002929,0
2026-05-07T05:53:49.593Z,1778133228000,1778133229408,1778133229593,1778133229593,370407,370,81071.04,81021.32,81039.07,0.206685,0.209826,0.288674,0.291527,0.312390,0.090000,0.100000,0.900000,0.910000,0.188674,0.187006,0.001668,0,0.191527,0.189845,0.001682,0,0.212390,0.210597,0.001794,0
2026-05-07T05:53:50.243Z,1778133229000,1778133229408,1778133230243,1778133230243,369757,370,81071.04,81021.31,81039.07,0.206685,0.209826,0.288507,0.291361,0.312237,0.090000,0.100000,0.900000,0.910000,0.188507,0.187806,0.000701,0,0.191361,0.190647,0.000715,0,0.212237,0.211416,0.000821,0
2026-05-07T05:53:51.362Z,1778133230000,1778133229408,1778133231362,1778133231362,368638,369,81071.04,81021.31,81039.07,0.206685,0.209826,0.288219,0.291076,0.311975,0.090000,0.100000,0.900000,0.910000,0.188219,0.188601,-0.000382,0,0.191076,0.191444,-0.000368,0,0.211975,0.212230,-0.000256,0
2026-05-07T05:53:52.463Z,1778133231000,1778133232408,1778133232463,1778133232463,367537,368,81071.04,81021.32,81039.07,0.206685,0.209826,0.287934,0.290794,0.311718,0.090000,0.100000,0.900000,0.910000,0.187934,0.189368,-0.001434,0,0.190794,0.192213,-0.001419,0,0.211718,0.213019,-0.001301,0
2026-05-07T05:53:53.562Z,1778133232000,1778133233355,1778133233562,1778133233562,366438,366,81071.04,81021.32,81039.07,0.206685,0.209826,0.287648,0.290511,0.311460,0.090000,0.100000,0.900000,0.910000,0.187648,0.189118,-0.001470,0,0.190511,0.191966,-0.001455,0,0.211460,0.212793,-0.001333,0
2026-05-07T05:53:54.009Z,1778133233000,1778133233355,1778133234009,1778133234009,365991,366,81071.04,81021.34,81039.07,0.206685,0.209826,0.287532,0.290396,0.311429,0.090000,0.100000,0.900000,0.910000,0.187532,0.188857,-0.001325,0,0.190396,0.191707,-0.001311,0,0.211429,0.212556,-0.001127,0
2026-05-07T05:53:55.704Z,1778133234000,1778133234358,1778133235704,1778133235704,364296,364,81071.04,81021.34,81039.07,0.206685,0.209826,0.287088,0.289957,0.311028,0.090000,0.100000,0.900000,0.910000,0.187088,0.188609,-0.001520,0,0.189957,0.191462,-0.001505,0,0.211028,0.212339,-0.001311,0
2026-05-07T05:53:56.210Z,1778133235000,1778133234358,1778133236210,1778133236210,363790,364,81071.04,81021.34,81039.07,0.206685,0.209826,0.286955,0.289826,0.310907,0.090000,0.100000,0.900000,0.910000,0.186955,0.188346,-0.001391,0,0.189826,0.191202,-0.001376,0,0.210907,0.212108,-0.001200,0
2026-05-07T05:53:56.288Z,1778133235000,1778133234358,1778133236288,1778133236288,363712,364,81071.04,81021.34,81039.07,0.206685,0.209826,0.286935,0.289806,0.310889,0.080000,0.090000,0.910000,0.920000,0.196935,0.188085,0.008850,0,0.199806,0.190944,0.008862,0,0.220889,0.211878,0.009011,0
2026-05-07T05:53:57.211Z,1778133236000,1778133236425,1778133237211,1778133237211,362789,363,81071.04,81021.15,81039.07,0.206685,0.209826,0.286692,0.289565,0.310004,0.080000,0.090000,0.910000,0.920000,0.196692,0.188850,0.007842,0,0.199565,0.191711,0.007854,0,0.220004,0.212673,0.007331,0
2026-05-07T05:53:58.238Z,1778133237000,1778133237409,1778133238238,1778133238238,361762,362,81071.04,81021.15,81039.07,0.206685,0.209826,0.286420,0.289296,0.309756,0.080000,0.090000,0.910000,0.920000,0.196420,0.189618,0.006802,0,0.199296,0.192482,0.006814,0,0.219756,0.213404,0.006353,0
2026-05-07T05:53:59.289Z,1778133238000,1778133238422,1778133239289,1778133239289,360711,361,81071.04,81021.16,81039.07,0.206685,0.209826,0.286141,0.289020,0.309526,0.080000,0.090000,0.910000,0.920000,0.196141,0.190393,0.005748,0,0.199020,0.193259,0.005761,0,0.219526,0.214140,0.005386,0
2026-05-07T05:54:00.414Z,1778133239000,1778133238422,1778133240414,1778133240414,359586,360,81071.04,81020.73,81039.07,0.206685,0.209826,0.285842,0.288723,0.307764,0.080000,0.090000,0.910000,0.920000,0.195842,0.191156,0.004685,0,0.198723,0.194025,0.004699,0,0.217764,0.214869,0.002895,0
2026-05-07T05:54:01.388Z,1778133240000,1778133240358,1778133241388,1778133241388,358612,359,81071.04,81020.73,81039.07,0.206685,0.209826,0.285581,0.288466,0.307517,0.080000,0.090000,0.910000,0.920000,0.195581,0.191919,0.003662,0,0.198466,0.194790,0.003676,0,0.217517,0.215448,0.002069,0
2026-05-07T05:54:02.062Z,1778133241000,1778133241424,1778133242062,1778133242062,357938,358,81071.04,81020.73,81039.07,0.206685,0.209826,0.285400,0.288287,0.307351,0.080000,0.090000,0.910000,0.920000,0.195400,0.192683,0.002717,0,0.198287,0.195557,0.002730,0,0.217351,0.216028,0.001323,0
2026-05-07T05:54:03.067Z,1778133242000,1778133242406,1778133243067,1778133243067,356933,357,81071.04,81020.58,81027.18,0.206685,0.209826,0.218134,0.221580,0.306571,0.080000,0.090000,0.910000,0.920000,0.128134,0.193459,-0.065325,0,0.131580,0.196334,-0.064754,0,0.216571,0.216617,-0.000046,0
2026-05-07T05:54:04.089Z,1778133243000,1778133243431,1778133244089,1778133244089,355911,356,81071.04,81017.51,81027.18,0.206685,0.209826,0.217805,0.221254,0.295604,0.080000,0.090000,0.910000,0.920000,0.127805,0.187519,-0.059714,0,0.131254,0.190453,-0.059199,0,0.205604,0.217131,-0.011528,0
2026-05-07T05:54:04.756Z,1778133243000,1778133244425,1778133244756,1778133244756,355244,355,81071.04,81017.51,81030.43,0.206685,0.209826,0.234982,0.238315,0.295430,0.080000,0.100000,0.900000,0.920000,0.134982,0.181590,-0.046609,0,0.138315,0.184582,-0.046267,0,0.195430,0.216589,-0.021159,0
2026-05-07T05:54:04.790Z,1778133243000,1778133244425,1778133244790,1778133244790,355210,355,81071.04,81017.51,81030.43,0.206685,0.209826,0.234971,0.238305,0.295421,0.090000,0.100000,0.900000,0.910000,0.134971,0.176393,-0.041422,0,0.138305,0.179431,-0.041126,0,0.195421,0.215041,-0.019620,0
2026-05-07T05:54:05.181Z,1778133244000,1778133244425,1778133245181,1778133245181,354819,355,81071.04,81016.44,81030.43,0.206685,0.209826,0.234849,0.238184,0.291634,0.090000,0.100000,0.900000,0.910000,0.134849,0.170197,-0.035348,0,0.138184,0.173281,-0.035098,0,0.191634,0.212495,-0.020860,0
2026-05-07T05:54:05.395Z,1778133244000,1778133244425,1778133245395,1778133245395,354605,355,81071.04,81016.44,81030.43,0.206685,0.209826,0.234782,0.238117,0.291577,0.080000,0.100000,0.900000,0.920000,0.134782,0.164012,-0.029230,0,0.138117,0.167143,-0.029026,0,0.191577,0.209658,-0.018080,0
2026-05-07T05:54:05.432Z,1778133244000,1778133244425,1778133245432,1778133245432,354568,355,81071.04,81016.44,81030.43,0.206685,0.209826,0.234770,0.238106,0.291568,0.080000,0.090000,0.910000,0.920000,0.144770,0.157849,-0.013078,0,0.148106,0.161025,-0.012919,0,0.201568,0.206840,-0.005272,0
2026-05-07T05:54:05.563Z,1778133244000,1778133245407,1778133245563,1778133245563,354437,354,81071.04,81016.44,81022.65,0.206685,0.209826,0.194362,0.197930,0.291533,0.070000,0.090000,0.910000,0.930000,0.104362,0.152712,-0.048349,0,0.107930,0.155934,-0.048004,0,0.201533,0.205044,-0.003511,0
2026-05-07T05:54:05.880Z,1778133244000,1778133245407,1778133245880,1778133245880,354120,354,81071.04,81016.44,81022.65,0.206685,0.209826,0.194256,0.197824,0.291449,0.070000,0.080000,0.920000,0.930000,0.114256,0.143564,-0.029307,0,0.117824,0.146854,-0.029030,0,0.211449,0.203421,0.008028,0
2026-05-07T05:54:06.202Z,1778133245000,1778133245407,1778133246202,1778133246202,353798,354,81071.04,81016.44,81022.65,0.206685,0.209826,0.194148,0.197717,0.291362,0.070000,0.080000,0.920000,0.930000,0.114148,0.135431,-0.021283,0,0.117717,0.138790,-0.021073,0,0.211362,0.202814,0.008548,0
2026-05-07T05:54:07.253Z,1778133246000,1778133246389,1778133247253,1778133247253,352747,353,81071.04,81012.89,81022.65,0.206685,0.209826,0.193796,0.197366,0.278935,0.070000,0.080000,0.920000,0.930000,0.113796,0.127306,-0.013510,0,0.117366,0.130733,-0.013368,0,0.198935,0.202215,-0.003280,0
2026-05-07T05:54:08.294Z,1778133247000,1778133247411,1778133248294,1778133248294,351706,352,81071.04,81012.44,81022.65,0.206685,0.209826,0.193445,0.197017,0.277133,0.070000,0.080000,0.920000,0.930000,0.113445,0.125872,-0.012427,0,0.117017,0.129312,-0.012295,0,0.197133,0.200451,-0.003318,0
2026-05-07T05:54:08.325Z,1778133247000,1778133247411,1778133248325,1778133248325,351675,352,81071.04,81012.44,81022.65,0.206685,0.209826,0.193435,0.197006,0.277125,0.070000,0.090000,0.910000,0.930000,0.103435,0.124436,-0.021001,0,0.107006,0.127888,-0.020882,0,0.187125,0.199604,-0.012480,0
2026-05-07T05:54:08.817Z,1778133247000,1778133248427,1778133248817,1778133248817,351183,351,81071.04,81012.44,81025.79,0.206685,0.209826,0.209049,0.212547,0.276986,0.080000,0.090000,0.910000,0.920000,0.119049,0.121282,-0.002233,0,0.122547,0.124757,-0.002210,0,0.186986,0.198774,-0.011787,0
2026-05-07T05:54:09.489Z,1778133248000,1778133249402,1778133249489,1778133249489,350511,351,81071.04,81009.26,81025.79,0.206685,0.209826,0.208826,0.212326,0.266147,0.080000,0.090000,0.910000,0.920000,0.118826,0.119689,-0.000863,0,0.122326,0.123181,-0.000855,0,0.176147,0.197930,-0.021783,0
2026-05-07T05:54:09.982Z,1778133249000,1778133249402,1778133249982,1778133249982,350018,350,81071.04,81009.67,81025.79,0.206685,0.209826,0.208662,0.212163,0.267349,0.080000,0.090000,0.910000,0.920000,0.118662,0.118087,0.000575,0,0.122163,0.121596,0.000567,0,0.177349,0.196381,-0.019032,0
2026-05-07T05:54:10.400Z,1778133249000,1778133249402,1778133250400,1778133250400,349600,350,81071.04,81009.67,81025.79,0.206685,0.209826,0.208523,0.212025,0.267228,0.080000,0.100000,0.900000,0.920000,0.108523,0.116475,-0.007952,0,0.112025,0.120000,-0.007975,0,0.167228,0.194959,-0.027731,0
2026-05-07T05:54:11.210Z,1778133250000,1778133250360,1778133251210,1778133251210,348790,349,81071.04,81017.16,81025.79,0.206685,0.209826,0.208253,0.211756,0.292522,0.080000,0.100000,0.900000,0.920000,0.108253,0.112850,-0.004597,0,0.111756,0.116392,-0.004636,0,0.192522,0.191525,0.000998,0
2026-05-07T05:54:12.174Z,1778133251000,1778133251398,1778133252174,1778133252174,347826,348,81071.04,81016.97,81025.79,0.206685,0.209826,0.207931,0.211436,0.291591,0.080000,0.090000,0.910000,0.920000,0.117931,0.113240,0.004692,0,0.121436,0.116775,0.004661,0,0.201591,0.190624,0.010967,0
2026-05-07T05:54:12.422Z,1778133251000,1778133251398,1778133252422,1778133252422,347578,348,81071.04,81016.97,81025.79,0.206685,0.209826,0.207848,0.211353,0.291524,0.070000,0.090000,0.910000,0.930000,0.117848,0.113607,0.004241,0,0.121353,0.117136,0.004217,0,0.201524,0.189638,0.011886,0
2026-05-07T05:54:12.715Z,1778133251000,1778133252411,1778133252715,1778133252715,347285,347,81071.04,81016.97,81025.79,0.206685,0.209826,0.207750,0.211255,0.291445,0.070000,0.080000,0.920000,0.930000,0.127750,0.113977,0.013773,0,0.131255,0.117499,0.013756,0,0.211445,0.188654,0.022791,0
2026-05-07T05:54:13.368Z,1778133252000,1778133252411,1778133253368,1778133253368,346632,347,81071.04,81015.73,81025.79,0.206685,0.209826,0.207531,0.211037,0.286948,0.070000,0.080000,0.920000,0.930000,0.127531,0.115372,0.012158,0,0.131037,0.118888,0.012149,0,0.206948,0.189905,0.017043,0
2026-05-07T05:54:14.009Z,1778133253000,1778133253431,1778133254009,1778133254009,345991,346,81071.04,81013.13,81025.79,0.206685,0.209826,0.207315,0.210823,0.277867,0.070000,0.080000,0.920000,0.930000,0.127315,0.116781,0.010534,0,0.130823,0.120290,0.010532,0,0.197867,0.190887,0.006981,0
2026-05-07T05:54:15.254Z,1778133254000,1778133254425,1778133255254,1778133255254,344746,345,81071.04,81010.54,81025.79,0.206685,0.209826,0.206895,0.210404,0.268708,0.050000,0.080000,0.920000,0.950000,0.126895,0.119169,0.007726,0,0.130404,0.122672,0.007732,0,0.188708,0.191961,-0.003253,0
2026-05-07T05:54:15.267Z,1778133254000,1778133254425,1778133255267,1778133255267,344733,345,81071.04,81010.54,81025.79,0.206685,0.209826,0.206890,0.210400,0.268704,0.050000,0.060000,0.940000,0.950000,0.146890,0.119953,0.026937,0,0.150400,0.123458,0.026942,0,0.208704,0.192133,0.016571,0
2026-05-07T05:54:15.962Z,1778133254000,1778133255418,1778133255962,1778133255962,344038,344,81071.04,81010.54,81002.14,0.206685,0.209826,0.106403,0.109865,0.268499,0.040000,0.060000,0.940000,0.960000,0.046403,0.122760,-0.076357,0,0.049865,0.126265,-0.076400,0,0.208499,0.195389,0.013111,0
2026-05-07T05:54:16.244Z,1778133255000,1778133255418,1778133256244,1778133256244,343756,344,81071.04,81010.54,81002.14,0.206685,0.209826,0.106309,0.109770,0.268418,0.040000,0.060000,0.940000,0.960000,0.046309,0.115534,-0.069225,0,0.049770,0.119035,-0.069265,0,0.208418,0.198504,0.009914,0
2026-05-07T05:54:16.287Z,1778133255000,1778133255418,1778133256287,1778133256287,343713,344,81071.04,81010.54,81002.14,0.206685,0.209826,0.106295,0.109756,0.268405,0.040000,0.050000,0.950000,0.960000,0.056295,0.109312,-0.053018,0,0.059756,0.112810,-0.053054,0,0.218405,0.202623,0.015782,0
2026-05-07T05:54:17.345Z,1778133256000,1778133256408,1778133257345,1778133257345,342655,343,81071.04,81002.06,81002.14,0.206685,0.209826,0.105942,0.109401,0.240357,0.050000,0.060000,0.940000,0.950000,0.045942,0.104117,-0.058174,0,0.049401,0.107610,-0.058209,0,0.180357,0.205211,-0.024854,0
2026-05-07T05:54:24.141Z,1778133263000,1778133263325,1778133264141,1778133264141,335859,336,81071.04,80998.88,81006.60,0.206685,0.209826,0.119133,0.122682,0.228106,0.040000,0.050000,0.950000,0.960000,0.069133,0.096918,-0.027784,0,0.072682,0.100406,-0.027725,0,0.178106,0.203088,-0.024982,0
2026-05-07T05:54:25.487Z,1778133264000,1778133265409,1778133265487,1778133265487,334513,335,81071.04,80998.86,81020.83,0.206685,0.209826,0.178635,0.182254,0.227578,0.040000,0.050000,0.950000,0.960000,0.128635,0.092046,0.036589,1,0.132254,0.095539,0.036715,1,0.177578,0.200746,-0.023168,0
2026-05-07T05:54:26.384Z,1778133265000,1778133265409,1778133266384,1778133266384,333616,334,81071.04,80996.75,81020.83,0.206685,0.209826,0.178312,0.181932,0.220744,0.040000,0.050000,0.950000,0.960000,0.128312,0.092135,0.036178,1,0.131932,0.095639,0.036293,1,0.170744,0.197359,-0.026615,0
2026-05-07T05:54:26.741Z,1778133265000,1778133266426,1778133266741,1778133266741,333259,333,81071.04,80996.75,81020.83,0.206685,0.209826,0.178184,0.181804,0.220622,0.040000,0.060000,0.940000,0.960000,0.118184,0.092213,0.025971,0,0.121804,0.095729,0.026075,0,0.160622,0.193739,-0.033117,0
2026-05-07T05:54:27.846Z,1778133266000,1778133267396,1778133267846,1778133267846,332154,332,81071.04,81002.32,81020.83,0.206685,0.209826,0.177784,0.181406,0.237742,0.050000,0.060000,0.940000,0.950000,0.117784,0.091300,0.026485,0,0.121406,0.094827,0.026579,0,0.177742,0.190014,-0.012272,0
2026-05-07T05:54:28.926Z,1778133267000,1778133268430,1778133268926,1778133268926,331074,331,81071.04,81006.16,81020.83,0.206685,0.209826,0.177393,0.181015,0.249906,0.050000,0.060000,0.940000,0.950000,0.117393,0.090389,0.027004,0,0.121015,0.093927,0.027088,0,0.189906,0.188917,0.000988,0
2026-05-07T05:54:29.643Z,1778133268000,1778133269233,1778133269643,1778133269643,330357,330,81071.04,81006.67,81020.83,0.206685,0.209826,0.177132,0.180755,0.251359,0.050000,0.060000,0.940000,0.950000,0.117132,0.087439,0.029693,0,0.120755,0.090989,0.029767,0,0.191359,0.187038,0.004322,0
2026-05-07T05:54:30.605Z,1778133269000,1778133270234,1778133270605,1778133270605,329395,329,81071.04,81005.91,81020.83,0.206685,0.209826,0.176782,0.180406,0.248521,0.050000,0.060000,0.940000,0.950000,0.116782,0.094512,0.022270,0,0.120406,0.098078,0.022328,0,0.188521,0.185324,0.003198,0
2026-05-07T05:54:31.327Z,1778133270000,1778133270234,1778133271327,1778133271327,328673,329,81071.04,81006.69,81020.83,0.206685,0.209826,0.176518,0.180142,0.250880,0.050000,0.060000,0.940000,0.950000,0.116518,0.101559,0.014959,0,0.120142,0.105141,0.015001,0,0.190880,0.183334,0.007546,0
2026-05-07T05:54:32.781Z,1778133271000,1778133272408,1778133272781,1778133272781,327219,327,81071.04,81006.69,81020.83,0.206685,0.209826,0.175985,0.179610,0.250402,0.050000,0.060000,0.940000,0.950000,0.115985,0.107582,0.008403,0,0.119610,0.111180,0.008430,0,0.190402,0.180581,0.009820,0
2026-05-07T05:54:33.637Z,1778133272000,1778133273365,1778133273637,1778133273637,326363,326,81071.04,81006.57,81020.83,0.206685,0.209826,0.175669,0.179296,0.249729,0.050000,0.070000,0.930000,0.950000,0.105669,0.114586,-0.008916,0,0.109296,0.118201,-0.008905,0,0.179729,0.181586,-0.001857,0
2026-05-07T05:54:34.362Z,1778133273000,1778133273365,1778133274362,1778133274362,325638,326,81071.04,81008.32,81020.83,0.206685,0.209826,0.175402,0.179029,0.255351,0.060000,0.070000,0.930000,0.940000,0.105402,0.118239,-0.012838,0,0.109029,0.121862,-0.012833,0,0.185351,0.181748,0.003603,0
2026-05-07T05:54:34.611Z,1778133273000,1778133274425,1778133274611,1778133274611,325389,325,81071.04,81008.32,81027.60,0.206685,0.209826,0.209626,0.213121,0.255270,0.060000,0.080000,0.920000,0.940000,0.129626,0.115916,0.013710,0,0.133121,0.119540,0.013582,0,0.175270,0.182526,-0.007255,0
2026-05-07T05:54:34.627Z,1778133273000,1778133274425,1778133274627,1778133274627,325373,325,81071.04,81008.32,81027.60,0.206685,0.209826,0.209620,0.213116,0.255265,0.070000,0.080000,0.920000,0.930000,0.129620,0.116047,0.013573,0,0.133116,0.119658,0.013457,0,0.175265,0.182978,-0.007713,0
2026-05-07T05:54:34.726Z,1778133273000,1778133274425,1778133274726,1778133274726,325274,325,81071.04,81008.32,81027.60,0.206685,0.209826,0.209585,0.213080,0.255233,0.090000,0.100000,0.900000,0.910000,0.109585,0.117191,-0.007606,0,0.113080,0.120790,-0.007709,0,0.155233,0.184443,-0.029210,0
2026-05-07T05:54:35.921Z,1778133274000,1778133275386,1778133275921,1778133275921,324079,324,81071.04,81009.23,81027.60,0.206685,0.209826,0.209157,0.212655,0.257920,0.090000,0.100000,0.900000,0.910000,0.109157,0.116371,-0.007214,0,0.112655,0.119957,-0.007302,0,0.157920,0.182192,-0.024272,0
2026-05-07T05:54:36.706Z,1778133275000,1778133276409,1778133276706,1778133276706,323294,323,81071.04,81014.30,81027.60,0.206685,0.209826,0.208875,0.212374,0.275181,0.090000,0.100000,0.900000,0.910000,0.108875,0.115548,-0.006673,0,0.112374,0.119121,-0.006746,0,0.175181,0.178993,-0.003813,0
2026-05-07T05:54:37.724Z,1778133276000,1778133277409,1778133277724,1778133277724,322276,322,81071.04,81012.65,81027.60,0.206685,0.209826,0.208508,0.212010,0.269091,0.090000,0.100000,0.900000,0.910000,0.108508,0.114722,-0.006214,0,0.112010,0.118283,-0.006273,0,0.169091,0.177375,-0.008285,0
2026-05-07T05:54:38.523Z,1778133277000,1778133277409,1778133278523,1778133278523,321477,321,81071.04,81013.44,81027.60,0.206685,0.209826,0.208219,0.211722,0.271608,0.090000,0.100000,0.900000,0.910000,0.108219,0.113894,-0.005675,0,0.111722,0.117443,-0.005721,0,0.171608,0.175432,-0.003824,0
2026-05-07T05:54:39.349Z,1778133278000,1778133277409,1778133279349,1778133279349,320651,321,81071.04,81009.70,81027.60,0.206685,0.209826,0.207920,0.211424,0.258424,0.090000,0.100000,0.900000,0.910000,0.107920,0.113065,-0.005145,0,0.111424,0.116601,-0.005177,0,0.158424,0.173505,-0.015081,0
2026-05-07T05:54:40.885Z,1778133279000,1778133280411,1778133280885,1778133280885,319115,319,81071.04,81013.60,81027.60,0.206685,0.209826,0.207360,0.210868,0.271439,0.090000,0.100000,0.900000,0.910000,0.107360,0.112258,-0.004898,0,0.110868,0.115783,-0.004915,0,0.171439,0.170307,0.001132,0
2026-05-07T05:54:41.720Z,1778133280000,1778133281410,1778133281720,1778133281720,318280,318,81071.04,81017.14,81027.60,0.206685,0.209826,0.207055,0.210564,0.283722,0.090000,0.100000,0.900000,0.910000,0.107055,0.112427,-0.005373,0,0.110564,0.115940,-0.005376,0,0.183722,0.169478,0.014244,0
2026-05-07T05:54:42.512Z,1778133281000,1778133282408,1778133282512,1778133282512,317488,317,81071.04,81016.82,81031.20,0.206685,0.209826,0.226641,0.230034,0.282347,0.090000,0.100000,0.900000,0.910000,0.126641,0.112592,0.014049,0,0.130034,0.116093,0.013940,0,0.182347,0.169315,0.013032,0
2026-05-07T05:54:43.170Z,1778133282000,1778133282408,1778133283170,1778133283170,316830,317,81071.04,81017.13,81031.20,0.206685,0.209826,0.226407,0.229801,0.283266,0.090000,0.100000,0.900000,0.910000,0.126407,0.112294,0.014113,0,0.129801,0.115785,0.014017,0,0.183266,0.170023,0.013243,0
2026-05-07T05:54:43.748Z,1778133282000,1778133283426,1778133283748,1778133283748,316252,316,81071.04,81017.13,81033.99,0.206685,0.209826,0.242394,0.245672,0.283089,0.090000,0.110000,0.890000,0.910000,0.132394,0.111973,0.020421,0,0.135672,0.115453,0.020218,0,0.173089,0.170823,0.002266,0
2026-05-07T05:54:43.755Z,1778133282000,1778133283426,1778133283755,1778133283755,316245,316,81071.04,81017.13,81033.99,0.206685,0.209826,0.242391,0.245669,0.283087,0.100000,0.110000,0.890000,0.900000,0.132391,0.114254,0.018138,0,0.135669,0.117712,0.017957,0,0.173087,0.172609,0.000478,0
2026-05-07T05:54:43.804Z,1778133282000,1778133283426,1778133283804,1778133283804,316196,316,81071.04,81017.13,81033.99,0.206685,0.209826,0.242374,0.245652,0.283072,0.110000,0.120000,0.880000,0.890000,0.122374,0.116577,0.005797,0,0.125652,0.120014,0.005639,0,0.163072,0.174125,-0.011054,0
2026-05-07T05:54:43.908Z,1778133282000,1778133283426,1778133283908,1778133283908,316092,316,81071.04,81017.13,81033.99,0.206685,0.209826,0.242339,0.245617,0.283040,0.110000,0.130000,0.870000,0.890000,0.112339,0.117927,-0.005588,0,0.115617,0.121342,-0.005725,0,0.153040,0.172914,-0.019875,0
2026-05-07T05:54:45.296Z,1778133284000,1778133284420,1778133285296,1778133285296,314704,315,81071.04,81017.50,81037.86,0.206685,0.209826,0.265204,0.268288,0.283948,0.140000,0.150000,0.850000,0.860000,0.115204,0.118310,-0.003106,0,0.118288,0.121702,-0.003415,0,0.133948,0.171309,-0.037362,0
2026-05-07T05:54:46.620Z,1778133285000,1778133286375,1778133286620,1778133286620,313380,313,81071.04,81027.68,81040.96,0.206685,0.209826,0.284341,0.287239,0.321469,0.140000,0.150000,0.850000,0.860000,0.134341,0.119008,0.015332,0,0.137239,0.122359,0.014880,0,0.171469,0.167543,0.003926,0
2026-05-07T05:54:47.207Z,1778133286000,1778133286375,1778133287207,1778133287207,312793,313,81071.04,81027.69,81040.96,0.206685,0.209826,0.284160,0.287059,0.321335,0.140000,0.150000,0.850000,0.860000,0.134160,0.121651,0.012509,0,0.137059,0.124940,0.012119,0,0.171335,0.168848,0.002487,0
2026-05-07T05:54:48.308Z,1778133287000,1778133287427,1778133288308,1778133288308,311692,312,81071.04,81027.31,81040.96,0.206685,0.209826,0.283819,0.286722,0.319601,0.140000,0.150000,0.850000,0.860000,0.133819,0.124331,0.009488,0,0.136722,0.127559,0.009163,0,0.169601,0.168837,0.000764,0
2026-05-07T05:54:49.547Z,1778133288000,1778133289222,1778133289547,1778133289547,310453,310,81071.04,81027.32,81040.96,0.206685,0.209826,0.283434,0.286340,0.319304,0.140000,0.150000,0.850000,0.860000,0.133434,0.127007,0.006427,0,0.136340,0.130175,0.006165,0,0.169304,0.167425,0.001879,0
2026-05-07T05:54:50.093Z,1778133289000,1778133289222,1778133290093,1778133290093,309907,310,81071.04,81027.33,81040.96,0.206685,0.209826,0.283263,0.286172,0.319196,0.140000,0.150000,0.850000,0.860000,0.133263,0.127686,0.005577,0,0.136172,0.130806,0.005366,0,0.169196,0.166121,0.003075,0
2026-05-07T05:54:51.230Z,1778133290000,1778133290296,1778133291230,1778133291230,308770,309,81071.04,81027.72,81040.96,0.206685,0.209826,0.282907,0.285819,0.320389,0.140000,0.150000,0.850000,0.860000,0.132907,0.128372,0.004535,0,0.135819,0.131443,0.004376,0,0.170389,0.164714,0.005675,0
2026-05-07T05:54:52.373Z,1778133291000,1778133291425,1778133292373,1778133292373,307627,308,81071.04,81027.69,81040.96,0.206685,0.209826,0.282547,0.285462,0.319973,0.140000,0.150000,0.850000,0.860000,0.132547,0.128423,0.004123,0,0.135462,0.131458,0.004005,0,0.169973,0.164444,0.005529,0
2026-05-07T05:54:52.574Z,1778133291000,1778133292408,1778133292574,1778133292574,307426,307,81071.04,81027.69,81044.54,0.206685,0.209826,0.306135,0.308799,0.319918,0.140000,0.160000,0.840000,0.860000,0.146135,0.128439,0.017696,0,0.148799,0.131437,0.017362,0,0.159918,0.164133,-0.004215,0
2026-05-07T05:54:52.591Z,1778133291000,1778133292408,1778133292591,1778133292591,307409,307,81071.04,81027.69,81044.54,0.206685,0.209826,0.306130,0.308794,0.319913,0.150000,0.160000,0.840000,0.850000,0.146130,0.130815,0.015315,0,0.148794,0.133752,0.015042,0,0.159913,0.163817,-0.003904,0
2026-05-07T05:54:52.621Z,1778133291000,1778133292408,1778133292621,1778133292621,307379,307,81071.04,81027.69,81044.54,0.206685,0.209826,0.306121,0.308785,0.319905,0.150000,0.180000,0.820000,0.850000,0.126121,0.134194,-0.008073,0,0.128785,0.137069,-0.008284,0,0.139905,0.164505,-0.024599,0
2026-05-07T05:54:52.633Z,1778133291000,1778133292408,1778133292633,1778133292633,307367,307,81071.04,81027.69,81044.54,0.206685,0.209826,0.306118,0.308782,0.319902,0.150000,0.190000,0.810000,0.850000,0.116118,0.135286,-0.019168,0,0.118782,0.138119,-0.019337,0,0.129902,0.165100,-0.035198,0
2026-05-07T05:54:52.643Z,1778133291000,1778133292408,1778133292643,1778133292643,307357,307,81071.04,81027.69,81044.54,0.206685,0.209826,0.306115,0.308779,0.319899,0.180000,0.190000,0.810000,0.820000,0.116115,0.133463,-0.017348,0,0.118779,0.136274,-0.017494,0,0.129899,0.160944,-0.031044,0
2026-05-07T05:54:53.521Z,1778133292000,1778133293415,1778133293521,1778133293521,306479,306,81071.04,81027.68,81065.60,0.206685,0.209826,0.458362,0.458980,0.319621,0.270000,0.290000,0.710000,0.730000,0.168362,0.131659,0.036704,1,0.168980,0.134445,0.034534,1,0.029621,0.156800,-0.127179,0
2026-05-07T05:54:53.734Z,1778133292000,1778133293415,1778133293734,1778133293734,306266,306,81071.04,81027.68,81065.60,0.206685,0.209826,0.458348,0.458965,0.319563,0.270000,0.300000,0.700000,0.730000,0.158348,0.135113,0.023235,0,0.158965,0.137671,0.021294,0,0.019563,0.142802,-0.123239,0
2026-05-07T05:54:53.736Z,1778133292000,1778133293415,1778133293736,1778133293736,306264,306,81071.04,81027.68,81065.60,0.206685,0.209826,0.458348,0.458965,0.319563,0.290000,0.310000,0.690000,0.710000,0.148348,0.137605,0.010743,0,0.148965,0.139934,0.009032,0,0.009563,0.127828,-0.118265,0
2026-05-07T05:54:53.839Z,1778133292000,1778133293415,1778133293839,1778133293839,306161,306,81071.04,81027.68,81065.60,0.206685,0.209826,0.458341,0.458959,0.319535,0.300000,0.330000,0.670000,0.700000,0.128341,0.139113,-0.010772,0,0.128959,0.141213,-0.012255,0,-0.010465,0.111865,-0.122330,0
2026-05-07T05:54:53.884Z,1778133292000,1778133293415,1778133293884,1778133293884,306116,306,81071.04,81027.68,81065.60,0.206685,0.209826,0.458338,0.458956,0.319522,0.320000,0.330000,0.670000,0.680000,0.128338,0.138656,-0.010319,0,0.128956,0.140527,-0.011572,0,-0.000478,0.093779,-0.094257,0
2026-05-07T05:54:53.976Z,1778133292000,1778133293415,1778133293976,1778133293976,306024,306,81071.04,81027.68,81065.60,0.206685,0.209826,0.458332,0.458949,0.319497,0.320000,0.350000,0.650000,0.680000,0.108332,0.138236,-0.029904,0,0.108949,0.139876,-0.030927,0,-0.000503,0.076734,-0.077237,0
2026-05-07T05:54:54.147Z,1778133293000,1778133293415,1778133294147,1778133294147,305853,306,81071.04,81030.17,81065.60,0.206685,0.209826,0.458320,0.458938,0.329120,0.330000,0.340000,0.660000,0.670000,0.118320,0.134455,-0.016135,0,0.118938,0.135891,-0.016953,0,-0.000880,0.060692,-0.061572,0
2026-05-07T05:54:54.237Z,1778133293000,1778133293415,1778133294237,1778133294237,305763,306,81071.04,81030.17,81065.60,0.206685,0.209826,0.458314,0.458932,0.329097,0.330000,0.370000,0.630000,0.670000,0.088314,0.131674,-0.043360,0,0.088932,0.132906,-0.043974,0,-0.000903,0.044613,-0.045516,0
2026-05-07T05:54:54.310Z,1778133293000,1778133293415,1778133294310,1778133294310,305690,306,81071.04,81030.17,81065.60,0.206685,0.209826,0.458309,0.458927,0.329078,0.360000,0.370000,0.630000,0.640000,0.088309,0.127894,-0.039584,0,0.088927,0.128921,-0.039993,0,-0.030922,0.030532,-0.061454,0
2026-05-07T05:54:54.856Z,1778133293000,1778133294385,1778133294856,1778133294856,305144,305,81071.04,81030.17,81073.61,0.206685,0.209826,0.519574,0.519277,0.328935,0.350000,0.370000,0.630000,0.650000,0.149574,0.125113,0.024461,0,0.149277,0.125935,0.023342,0,-0.021065,0.014450,-0.035515,0
2026-05-07T05:54:54.996Z,1778133293000,1778133294385,1778133294996,1778133294996,305004,305,81071.04,81030.17,81073.61,0.206685,0.209826,0.519579,0.519282,0.328898,0.360000,0.370000,0.630000,0.640000,0.149579,0.128459,0.021120,0,0.149282,0.128985,0.020297,0,-0.031102,-0.000647,-0.030455,0
2026-05-07T05:54:55.295Z,1778133294000,1778133294385,1778133295295,1778133295295,304705,305,81071.04,81045.78,81073.61,0.206685,0.209826,0.519588,0.519291,0.391989,0.350000,0.360000,0.640000,0.650000,0.159588,0.126580,0.033008,1,0.159291,0.127015,0.032276,1,0.031989,-0.006719,0.038708,0
2026-05-07T05:54:55.370Z,1778133294000,1778133294385,1778133295370,1778133295370,304630,305,81071.04,81045.78,81073.61,0.206685,0.209826,0.519591,0.519294,0.391976,0.340000,0.360000,0.640000,0.660000,0.159591,0.126704,0.032887,1,0.159294,0.127048,0.032246,1,0.031976,-0.005477,0.037453,0
2026-05-07T05:54:55.743Z,1778133294000,1778133294385,1778133295743,1778133295743,304257,304,81071.04,81045.78,81073.61,0.206685,0.209826,0.519603,0.519306,0.391912,0.340000,0.350000,0.650000,0.660000,0.169603,0.127829,0.041774,1,0.169306,0.128081,0.041225,1,0.041912,-0.003235,0.045147,0
2026-05-07T05:54:55.845Z,1778133294000,1778133294385,1778133295845,1778133295845,304155,304,81071.04,81045.78,81073.61,0.206685,0.209826,0.519606,0.519309,0.391894,0.340000,0.370000,0.630000,0.660000,0.149606,0.131955,0.017652,0,0.149309,0.132115,0.017194,0,0.021894,0.002003,0.019892,0
2026-05-07T05:54:55.940Z,1778133294000,1778133294385,1778133295940,1778133295940,304060,304,81071.04,81045.78,81073.61,0.206685,0.209826,0.519609,0.519312,0.391878,0.360000,0.370000,0.630000,0.640000,0.149609,0.134082,0.015528,0,0.149312,0.134151,0.015162,0,0.021878,0.004240,0.017638,0
2026-05-07T05:54:56.404Z,1778133295000,1778133294385,1778133296404,1778133296404,303596,304,81071.04,81049.13,81073.61,0.206685,0.209826,0.519625,0.519327,0.405839,0.360000,0.370000,0.630000,0.640000,0.149625,0.138209,0.011415,0,0.149327,0.138187,0.011140,0,0.035839,0.006478,0.029362,0
2026-05-07T05:54:56.922Z,1778133296000,1778133296371,1778133296922,1778133296922,303078,303,81071.04,81049.12,81073.61,0.206685,0.209826,0.519642,0.519344,0.405735,0.360000,0.370000,0.630000,0.640000,0.149642,0.141340,0.008302,0,0.149344,0.141226,0.008118,0,0.035735,0.010150,0.025585,0
2026-05-07T05:54:56.947Z,1778133296000,1778133296371,1778133296947,1778133296947,303053,303,81071.04,81049.12,81073.61,0.206685,0.209826,0.519642,0.519345,0.405731,0.350000,0.370000,0.630000,0.650000,0.149642,0.147473,0.002170,0,0.149345,0.147267,0.002078,0,0.035731,0.013813,0.021918,0
2026-05-07T05:54:57.135Z,1778133296000,1778133296371,1778133297135,1778133297135,302865,303,81071.04,81049.12,81073.61,0.206685,0.209826,0.519649,0.519351,0.405702,0.350000,0.360000,0.640000,0.650000,0.159649,0.153606,0.006043,0,0.159351,0.153309,0.006042,0,0.045702,0.020479,0.025224,0
2026-05-07T05:54:58.136Z,1778133297000,1778133297421,1778133298136,1778133298136,301864,302,81071.04,81048.76,81073.61,0.206685,0.209826,0.519681,0.519383,0.404008,0.350000,0.360000,0.640000,0.650000,0.159681,0.154613,0.005068,0,0.159383,0.154316,0.005067,0,0.044008,0.027156,0.016852,0
2026-05-07T05:54:59.261Z,1778133298000,1778133298227,1778133299261,1778133299261,300739,301,81071.04,81048.76,81073.61,0.206685,0.209826,0.519719,0.519420,0.403825,0.330000,0.340000,0.660000,0.670000,0.179719,0.155624,0.024095,0,0.179420,0.155326,0.024094,0,0.063825,0.034667,0.029159,0
2026-05-07T05:55:00.161Z,1778133299000,1778133299426,1778133300161,1778133300161,299839,300,81071.04,81050.18,81072.64,0.206685,0.209826,0.512188,0.512002,0.409721,0.330000,0.340000,0.660000,0.670000,0.172188,0.157637,0.014551,0,0.172002,0.157339,0.014663,0,0.069721,0.037850,0.031871,1
2026-05-07T05:55:00.429Z,1778133299000,1778133299426,1778133300429,1778133300429,299571,300,81071.04,81050.18,81072.64,0.206685,0.209826,0.512194,0.512007,0.409681,0.340000,0.350000,0.650000,0.660000,0.162194,0.158896,0.003297,0,0.162007,0.158610,0.003397,0,0.059681,0.041625,0.018057,0
2026-05-07T05:55:00.710Z,1778133299000,1778133300412,1778133300710,1778133300710,299290,299,81071.04,81050.18,81071.40,0.206685,0.209826,0.502695,0.502651,0.409640,0.330000,0.340000,0.660000,0.670000,0.162695,0.158155,0.004540,0,0.162651,0.157880,0.004771,0,0.069640,0.043402,0.026238,0
2026-05-07T05:55:00.959Z,1778133300000,1778133300412,1778133300959,1778133300959,299041,299,81071.04,81050.77,81071.40,0.200527,0.209826,0.502787,0.502652,0.412089,0.330000,0.340000,0.660000,0.670000,0.162787,0.159464,0.003323,0,0.162652,0.159214,0.003438,0,0.072089,0.048176,0.023913,0
2026-05-07T05:55:01.296Z,1778133300000,1778133300412,1778133301296,1778133301296,298704,299,81071.04,81050.77,81071.40,0.200527,0.209826,0.502789,0.502654,0.412041,0.310000,0.340000,0.660000,0.690000,0.162789,0.160782,0.002007,0,0.162654,0.160548,0.002106,0,0.072041,0.053197,0.018844,0
2026-05-07T05:55:01.922Z,1778133300000,1778133301431,1778133301922,1778133301922,298078,298,81071.04,81050.77,81071.40,0.200527,0.209826,0.502792,0.502657,0.411950,0.310000,0.320000,0.680000,0.690000,0.182792,0.162099,0.020693,0,0.182657,0.161881,0.020776,0,0.091950,0.056817,0.035133,1
2026-05-07T05:55:01.983Z,1778133301000,1778133301431,1778133301983,1778133301983,298017,298,81071.04,81051.12,81071.40,0.200527,0.209826,0.502792,0.502657,0.413465,0.310000,0.320000,0.680000,0.690000,0.182792,0.165414,0.017379,0,0.182657,0.165212,0.017445,0,0.093465,0.062439,0.031026,1
2026-05-07T05:55:02.686Z,1778133301000,1778133302408,1778133302686,1778133302686,297314,297,81071.04,81051.12,81059.45,0.200527,0.209826,0.408033,0.412029,0.413365,0.290000,0.320000,0.680000,0.710000,0.088033,0.168729,-0.080696,0,0.092029,0.168543,-0.076514,0,0.093365,0.068212,0.025152,0
2026-05-07T05:55:02.700Z,1778133301000,1778133302408,1778133302700,1778133302700,297300,297,81071.04,81051.12,81059.45,0.200527,0.209826,0.408030,0.412027,0.413363,0.260000,0.310000,0.690000,0.740000,0.098030,0.161567,-0.063536,0,0.102027,0.161811,-0.059784,0,0.103363,0.072979,0.030384,1
2026-05-07T05:55:03.043Z,1778133302000,1778133302408,1778133303043,1778133303043,296957,297,81071.04,81051.11,81059.45,0.200527,0.209826,0.407978,0.411977,0.413244,0.260000,0.310000,0.690000,0.740000,0.097978,0.155402,-0.057423,0,0.101977,0.156076,-0.054098,0,0.103244,0.078914,0.024330,0
2026-05-07T05:55:03.049Z,1778133302000,1778133302408,1778133303049,1778133303049,296951,297,81071.04,81051.11,81059.45,0.200527,0.209826,0.407978,0.411976,0.413244,0.270000,0.280000,0.720000,0.730000,0.127978,0.147228,-0.019250,0,0.131976,0.148331,-0.016355,0,0.133244,0.082856,0.050388,0
2026-05-07T05:55:03.238Z,1778133302000,1778133302408,1778133303238,1778133303238,296762,297,81071.04,81051.11,81059.45,0.200527,0.209826,0.407949,0.411949,0.413216,0.260000,0.280000,0.720000,0.740000,0.127949,0.142807,-0.014858,0,0.131949,0.144329,-0.012380,0,0.133216,0.089208,0.044008,1
2026-05-07T05:55:03.524Z,1778133302000,1778133303408,1778133303524,1778133303524,296476,296,81071.04,81051.11,81059.45,0.200527,0.209826,0.407905,0.411907,0.413176,0.260000,0.270000,0.730000,0.740000,0.137905,0.139382,-0.001477,0,0.141907,0.141323,0.000584,0,0.143176,0.096562,0.046614,1
2026-05-07T05:55:04.021Z,1778133303000,1778133303408,1778133304021,1778133304021,295979,296,81071.04,81050.48,81059.45,0.200527,0.209826,0.407830,0.411835,0.410404,0.260000,0.270000,0.730000,0.740000,0.137830,0.136903,0.000926,0,0.141835,0.139249,0.002586,0,0.140404,0.103915,0.036489,1
2026-05-07T05:55:04.737Z,1778133303000,1778133304427,1778133304737,1778133304737,295263,295,81071.04,81050.48,81054.38,0.200527,0.209826,0.368679,0.374287,0.410298,0.240000,0.270000,0.730000,0.760000,0.098679,0.134408,-0.035728,0,0.104287,0.137167,-0.032879,0,0.140298,0.110747,0.029551,0
2026-05-07T05:55:05.102Z,1778133304000,1778133304427,1778133305102,1778133305102,294898,295,81071.04,81046.09,81054.38,0.200527,0.209826,0.368601,0.374212,0.391563,0.240000,0.270000,0.730000,0.760000,0.098601,0.127997,-0.029395,0,0.104212,0.131330,-0.027118,0,0.121563,0.117572,0.003991,0
2026-05-07T05:55:05.228Z,1778133304000,1778133304427,1778133305228,1778133305228,294772,295,81071.04,81046.09,81054.38,0.200527,0.209826,0.368574,0.374187,0.391541,0.240000,0.250000,0.750000,0.760000,0.118574,0.119578,-0.001003,0,0.124187,0.123486,0.000701,0,0.141541,0.120534,0.021007,0
2026-05-07T05:55:05.560Z,1778133304000,1778133305431,1778133305560,1778133305560,294440,294,81071.04,81046.09,81048.24,0.200527,0.209826,0.322954,0.330287,0.391481,0.220000,0.230000,0.770000,0.780000,0.092954,0.113156,-0.020202,0,0.100287,0.117639,-0.017352,0,0.161481,0.125341,0.036140,1
2026-05-07T05:55:05.634Z,1778133304000,1778133305431,1778133305634,1778133305634,294366,294,81071.04,81046.09,81048.24,0.200527,0.209826,0.322933,0.330267,0.391468,0.190000,0.230000,0.770000,0.810000,0.092933,0.113648,-0.020715,0,0.100267,0.118464,-0.018198,0,0.161468,0.132153,0.029315,0
2026-05-07T05:55:05.679Z,1778133304000,1778133305431,1778133305679,1778133305679,294321,294,81071.04,81046.09,81048.24,0.200527,0.209826,0.322920,0.330255,0.391460,0.190000,0.200000,0.800000,0.810000,0.122920,0.113138,0.009782,0,0.130255,0.118288,0.011966,0,0.191460,0.137963,0.053496,1
2026-05-07T05:55:06.123Z,1778133305000,1778133305431,1778133306123,1778133306123,293877,294,81071.04,81049.33,81048.24,0.200527,0.209826,0.322796,0.330135,0.405166,0.190000,0.200000,0.800000,0.810000,0.122796,0.115632,0.007164,0,0.130135,0.121116,0.009018,0,0.205166,0.146785,0.058381,1
2026-05-07T05:55:07.160Z,1778133306000,1778133306381,1778133307160,1778133307160,292840,293,81071.04,81044.74,81048.24,0.200527,0.209826,0.322504,0.329854,0.385484,0.190000,0.200000,0.800000,0.810000,0.122504,0.115114,0.007390,0,0.129854,0.120932,0.008921,0,0.185484,0.153977,0.031507,1
2026-05-07T05:55:08.175Z,1778133307000,1778133307408,1778133308175,1778133308175,291825,292,81071.04,81040.95,81048.24,0.200527,0.209826,0.322218,0.329577,0.369366,0.190000,0.200000,0.800000,0.810000,0.122218,0.114570,0.007648,0,0.129577,0.120722,0.008854,0,0.169366,0.159204,0.010162,0
2026-05-07T05:55:08.830Z,1778133307000,1778133308412,1778133308830,1778133308830,291170,291,81071.04,81040.95,81048.24,0.200527,0.209826,0.322032,0.329398,0.369225,0.170000,0.190000,0.810000,0.830000,0.132032,0.113001,0.019031,0,0.139398,0.119489,0.019908,0,0.179225,0.161823,0.017402,0
2026-05-07T05:55:08.877Z,1778133307000,1778133308412,1778133308877,1778133308877,291123,291,81071.04,81040.95,81048.24,0.200527,0.209826,0.322019,0.329385,0.369214,0.150000,0.160000,0.840000,0.850000,0.162019,0.112421,0.049597,1,0.169385,0.119246,0.050139,1,0.209214,0.165705,0.043509,1
2026-05-07T05:55:09.191Z,1778133308000,1778133308412,1778133309191,1778133309191,290809,291,81071.04,81040.31,81048.24,0.200527,0.209826,0.321929,0.329299,0.366466,0.150000,0.160000,0.840000,0.850000,0.161929,0.118755,0.043174,1,0.169299,0.125755,0.043543,1,0.206466,0.172597,0.033870,1
2026-05-07T05:55:09.286Z,1778133308000,1778133308412,1778133309286,1778133309286,290714,291,81071.04,81040.31,81048.24,0.200527,0.209826,0.321902,0.329273,0.366445,0.140000,0.150000,0.850000,0.860000,0.171902,0.125088,0.046814,1,0.179273,0.132264,0.047009,1,0.216445,0.181087,0.035358,1
2026-05-07T05:55:09.526Z,1778133308000,1778133309413,1778133309526,1778133309526,290474,290,81071.04,81040.31,81037.64,0.200527,0.209826,0.249111,0.258718,0.366392,0.120000,0.140000,0.860000,0.880000,0.109111,0.130421,-0.021310,0,0.118718,0.137773,-0.019055,0,0.226392,0.188577,0.037815,1
2026-05-07T05:55:09.804Z,1778133308000,1778133309413,1778133309804,1778133309804,290196,290,81071.04,81040.31,81037.64,0.200527,0.209826,0.249008,0.258618,0.366331,0.120000,0.130000,0.870000,0.880000,0.119008,0.132036,-0.013028,0,0.128618,0.139616,-0.010998,0,0.236331,0.195069,0.041262,1
2026-05-07T05:55:10.184Z,1778133309000,1778133309413,1778133310184,1778133310184,289816,290,81071.04,81039.73,81037.64,0.200527,0.209826,0.248868,0.258481,0.363831,0.110000,0.120000,0.880000,0.890000,0.128868,0.134644,-0.005776,0,0.138481,0.142451,-0.003970,0,0.243831,0.202555,0.041277,1
2026-05-07T05:55:11.264Z,1778133310000,1778133310418,1778133311264,1778133311264,288736,289,81071.04,81032.47,81037.64,0.200527,0.209826,0.248467,0.258090,0.333737,0.110000,0.120000,0.880000,0.890000,0.128467,0.135239,-0.006772,0,0.138090,0.143274,-0.005184,0,0.213737,0.207792,0.005945,0
2026-05-07T05:55:12.252Z,1778133311000,1778133311423,1778133312252,1778133312252,287748,288,81071.04,81029.01,81037.64,0.200527,0.209826,0.248098,0.257730,0.319564,0.110000,0.120000,0.880000,0.890000,0.128098,0.135806,-0.007708,0,0.137730,0.144069,-0.006339,0,0.199564,0.208649,-0.009085,0
2026-05-07T05:55:13.264Z,1778133312000,1778133311423,1778133313264,1778133313264,286736,287,81071.04,81028.76,81037.64,0.200527,0.209826,0.247719,0.257361,0.318240,0.110000,0.120000,0.880000,0.890000,0.127719,0.136365,-0.008646,0,0.137361,0.144857,-0.007496,0,0.198240,0.210057,-0.011818,0
2026-05-07T05:55:14.360Z,1778133313000,1778133313198,1778133314360,1778133314360,285640,286,81071.04,81028.75,81037.64,0.200527,0.209826,0.247306,0.256958,0.317889,0.110000,0.120000,0.880000,0.890000,0.127306,0.136915,-0.009609,0,0.136958,0.145635,-0.008677,0,0.197889,0.212945,-0.015055,0
2026-05-07T05:55:15.308Z,1778133314000,1778133314358,1778133315308,1778133315308,284692,285,81071.04,81028.75,81037.64,0.200527,0.209826,0.246948,0.256609,0.317609,0.110000,0.120000,0.880000,0.890000,0.126948,0.136443,-0.009495,0,0.136609,0.145391,-0.008783,0,0.197609,0.214811,-0.017202,0
2026-05-07T05:55:16.317Z,1778133315000,1778133315401,1778133316317,1778133316317,283683,284,81071.04,81028.26,81037.64,0.200527,0.209826,0.246564,0.256235,0.315343,0.110000,0.120000,0.880000,0.890000,0.126564,0.132936,-0.006371,0,0.136235,0.142114,-0.005879,0,0.195343,0.213651,-0.018307,0
2026-05-07T05:55:17.318Z,1778133316000,1778133316336,1778133317318,1778133317318,282682,283,81071.04,81028.26,81037.64,0.200527,0.209826,0.246182,0.255862,0.315044,0.110000,0.120000,0.880000,0.890000,0.126182,0.129399,-0.003217,0,0.135862,0.138807,-0.002945,0,0.195044,0.212538,-0.017495,0
2026-05-07T05:55:18.269Z,1778133317000,1778133317420,1778133318269,1778133318269,281731,282,81071.04,81028.26,81037.64,0.200527,0.209826,0.245818,0.255507,0.314758,0.110000,0.120000,0.880000,0.890000,0.125818,0.124827,0.000991,0,0.135507,0.134466,0.001041,0,0.194758,0.210398,-0.015640,0
2026-05-07T05:55:19.261Z,1778133318000,1778133318372,1778133319261,1778133319261,280739,281,81071.04,81028.26,81037.64,0.200527,0.209826,0.245436,0.255135,0.314456,0.110000,0.120000,0.880000,0.890000,0.125436,0.126498,-0.001062,0,0.135135,0.136145,-0.001011,0,0.194456,0.207235,-0.012778,0
2026-05-07T05:55:20.288Z,1778133319000,1778133318372,1778133320288,1778133320288,279712,280,81071.04,81028.26,81037.64,0.200527,0.209826,0.245039,0.254747,0.314142,0.110000,0.120000,0.880000,0.890000,0.125039,0.127141,-0.002101,0,0.134747,0.136797,-0.002050,0,0.194142,0.203047,-0.008905,0
2026-05-07T05:55:21.342Z,1778133320000,1778133320403,1778133321342,1778133321342,278658,279,81071.04,81028.26,81037.64,0.200527,0.209826,0.244630,0.254348,0.313821,0.110000,0.120000,0.880000,0.890000,0.124630,0.126758,-0.002128,0,0.134348,0.136423,-0.002076,0,0.193821,0.198078,-0.004258,0
2026-05-07T05:55:22.436Z,1778133321000,1778133322417,1778133322436,1778133322436,277564,278,81071.04,81028.26,81037.64,0.200527,0.209826,0.244203,0.253931,0.313485,0.130000,0.150000,0.850000,0.870000,0.094203,0.126374,-0.032171,0,0.103931,0.136049,-0.032118,0,0.163485,0.196087,-0.032602,0
2026-05-07T05:55:23.527Z,1778133322000,1778133323189,1778133323527,1778133323527,276473,276,81071.04,81028.26,81037.64,0.200527,0.209826,0.243775,0.253513,0.313146,0.130000,0.150000,0.850000,0.870000,0.093775,0.122984,-0.029210,0,0.103513,0.132669,-0.029156,0,0.163146,0.192479,-0.029333,0
2026-05-07T05:55:24.521Z,1778133323000,1778133324362,1778133324521,1778133324521,275479,275,81071.04,81028.47,81037.64,0.200527,0.209826,0.243383,0.253131,0.313684,0.140000,0.150000,0.850000,0.860000,0.093383,0.119590,-0.026207,0,0.103131,0.129285,-0.026153,0,0.163684,0.188969,-0.025286,0
2026-05-07T05:55:25.458Z,1778133324000,1778133324362,1778133325458,1778133325458,274542,275,81071.04,81028.36,81037.64,0.200527,0.209826,0.243012,0.252769,0.312935,0.140000,0.150000,0.850000,0.860000,0.093012,0.116198,-0.023186,0,0.102769,0.125902,-0.023133,0,0.162935,0.185549,-0.022614,0
2026-05-07T05:55:26.429Z,1778133325000,1778133324362,1778133326429,1778133326429,273571,274,81071.04,81028.47,81037.64,0.200527,0.209826,0.242626,0.252392,0.313086,0.140000,0.150000,0.850000,0.860000,0.092626,0.112804,-0.020178,0,0.102392,0.122518,-0.020126,0,0.163086,0.182081,-0.018995,0
2026-05-07T05:55:26.984Z,1778133326000,1778133324362,1778133326984,1778133326984,273016,273,81071.04,81028.21,81037.64,0.200527,0.209826,0.242404,0.252176,0.311870,0.140000,0.150000,0.850000,0.860000,0.092404,0.109410,-0.017006,0,0.102176,0.119134,-0.016958,0,0.161870,0.178856,-0.016986,0
2026-05-07T05:55:29.980Z,1778133328000,1778133328308,1778133329980,1778133329980,270020,270,81071.04,81028.36,81037.64,0.200527,0.209826,0.241199,0.250999,0.311506,0.140000,0.150000,0.850000,0.860000,0.091199,0.106032,-0.014834,0,0.100999,0.115765,-0.014766,0,0.161506,0.175538,-0.014032,0
2026-05-07T05:55:30.699Z,1778133329000,1778133328308,1778133330699,1778133330699,269301,269,81071.04,81028.42,81037.64,0.200527,0.209826,0.240907,0.250715,0.311531,0.140000,0.150000,0.850000,0.860000,0.090907,0.102571,-0.011663,0,0.100715,0.112314,-0.011600,0,0.161531,0.172213,-0.010682,0
2026-05-07T05:55:31.812Z,1778133330000,1778133328308,1778133331812,1778133331812,268188,268,81071.04,81028.29,81037.64,0.200527,0.209826,0.240454,0.250272,0.310647,0.140000,0.150000,0.850000,0.860000,0.090454,0.099118,-0.008664,0,0.100272,0.108872,-0.008600,0,0.160647,0.168921,-0.008274,0
2026-05-07T05:55:32.552Z,1778133331000,1778133332387,1778133332552,1778133332552,267448,267,81071.04,81028.28,81037.64,0.200527,0.209826,0.240151,0.249976,0.310361,0.140000,0.150000,0.850000,0.860000,0.090151,0.095659,-0.005508,0,0.099976,0.105425,-0.005449,0,0.160361,0.165571,-0.005210,0
2026-05-07T05:55:33.421Z,1778133332000,1778133332387,1778133333421,1778133333421,266579,267,81071.04,81028.29,81037.64,0.200527,0.209826,0.239794,0.249627,0.310100,0.140000,0.150000,0.850000,0.860000,0.089794,0.092211,-0.002418,0,0.099627,0.101987,-0.002360,0,0.160100,0.162225,-0.002125,0
2026-05-07T05:55:34.196Z,1778133333000,1778133332387,1778133334196,1778133334196,265804,266,81071.04,81028.28,81037.64,0.200527,0.209826,0.239474,0.249315,0.309832,0.140000,0.150000,0.850000,0.860000,0.089474,0.091770,-0.002296,0,0.099315,0.101557,-0.002242,0,0.159832,0.161886,-0.002055,0
2026-05-07T05:55:35.725Z,1778133334000,1778133332387,1778133335725,1778133335725,264275,264,81071.04,81028.28,81037.64,0.200527,0.209826,0.238840,0.248696,0.309308,0.140000,0.150000,0.850000,0.860000,0.088840,0.091340,-0.002500,0,0.098696,0.101137,-0.002441,0,0.159308,0.161555,-0.002247,0
2026-05-07T05:55:36.444Z,1778133335000,1778133336326,1778133336444,1778133336444,263556,264,81071.04,81028.28,81037.64,0.200527,0.209826,0.238540,0.248403,0.309066,0.140000,0.150000,0.850000,0.860000,0.088540,0.090886,-0.002346,0,0.098403,0.100694,-0.002291,0,0.159066,0.161118,-0.002051,0
2026-05-07T05:55:37.211Z,1778133336000,1778133336326,1778133337211,1778133337211,262789,263,81071.04,81028.47,81037.64,0.200527,0.209826,0.238219,0.248090,0.309603,0.140000,0.150000,0.850000,0.860000,0.088219,0.090439,-0.002219,0,0.098090,0.100257,-0.002167,0,0.159603,0.160731,-0.001127,0
2026-05-07T05:55:38.405Z,1778133337000,1778133336326,1778133338405,1778133338405,261595,262,81071.04,81028.47,81037.64,0.200527,0.209826,0.237717,0.247599,0.309207,0.140000,0.150000,0.850000,0.860000,0.087717,0.089998,-0.002281,0,0.097599,0.099827,-0.002227,0,0.159207,0.160382,-0.001176,0
2026-05-07T05:55:39.272Z,1778133338000,1778133338405,1778133339272,1778133339272,260728,261,81071.04,81028.47,81037.64,0.200527,0.209826,0.237351,0.247242,0.308918,0.140000,0.150000,0.850000,0.860000,0.087351,0.089529,-0.002178,0,0.097242,0.099369,-0.002128,0,0.158918,0.160116,-0.001198,0
2026-05-07T05:55:40.531Z,1778133339000,1778133340291,1778133340531,1778133340531,259469,259,81071.04,81028.47,81037.64,0.200527,0.209826,0.236817,0.246719,0.308495,0.140000,0.150000,0.850000,0.860000,0.086817,0.089145,-0.002328,0,0.096719,0.098993,-0.002274,0,0.158495,0.159857,-0.001362,0
2026-05-07T05:55:41.220Z,1778133340000,1778133340291,1778133341220,1778133341220,258780,259,81071.04,81028.47,81037.64,0.200527,0.209826,0.236523,0.246432,0.308262,0.140000,0.150000,0.850000,0.860000,0.086523,0.088736,-0.002213,0,0.096432,0.098594,-0.002162,0,0.158262,0.159554,-0.001292,0
2026-05-07T05:55:42.524Z,1778133341000,1778133342341,1778133342524,1778133342524,257476,257,81071.04,81028.47,81037.64,0.200527,0.209826,0.235964,0.245886,0.307819,0.140000,0.150000,0.850000,0.860000,0.085964,0.088343,-0.002379,0,0.095886,0.098210,-0.002324,0,0.157819,0.159315,-0.001496,0
2026-05-07T05:55:42.528Z,1778133341000,1778133342341,1778133342528,1778133342528,257472,257,81071.04,81028.47,81037.64,0.200527,0.209826,0.235962,0.245884,0.307818,0.130000,0.150000,0.850000,0.870000,0.085962,0.087924,-0.001962,0,0.095884,0.097801,-0.001917,0,0.157818,0.159061,-0.001243,0
2026-05-07T05:55:43.251Z,1778133342000,1778133342341,1778133343251,1778133343251,256749,257,81071.04,81028.47,81037.64,0.200527,0.209826,0.235651,0.245580,0.307572,0.130000,0.140000,0.860000,0.870000,0.095651,0.087541,0.008110,0,0.105580,0.097427,0.008153,0,0.167572,0.158833,0.008739,0
2026-05-07T05:55:44.636Z,1778133343000,1778133344401,1778133344636,1778133344636,255364,255,81071.04,81028.24,81037.64,0.200527,0.209826,0.235051,0.244994,0.306136,0.130000,0.140000,0.860000,0.870000,0.095051,0.088159,0.006893,0,0.104994,0.098053,0.006941,0,0.166136,0.159607,0.006529,0
2026-05-07T05:55:48.749Z,1778133347000,1778133348429,1778133348749,1778133348749,251251,251,81071.04,81028.47,81037.64,0.200527,0.209826,0.233247,0.243230,0.305655,0.130000,0.140000,0.860000,0.870000,0.093247,0.088780,0.004467,0,0.103230,0.098683,0.004547,0,0.165655,0.160289,0.005365,0
2026-05-07T05:55:49.454Z,1778133348000,1778133348429,1778133349454,1778133349454,250546,251,81071.04,81028.47,81037.64,0.200527,0.209826,0.232934,0.242924,0.305405,0.130000,0.140000,0.860000,0.870000,0.092934,0.089250,0.003684,0,0.102924,0.099166,0.003758,0,0.165405,0.160948,0.004457,0
2026-05-07T05:55:49.552Z,1778133348000,1778133348429,1778133349552,1778133349552,250448,250,81071.04,81028.47,81037.64,0.200527,0.209826,0.232891,0.242881,0.305370,0.120000,0.130000,0.870000,0.880000,0.102891,0.089722,0.013169,0,0.112881,0.099649,0.013232,0,0.175370,0.161529,0.013842,0
2026-05-07T05:55:50.286Z,1778133349000,1778133348429,1778133350286,1778133350286,249714,250,81071.04,81028.47,81037.64,0.200527,0.209826,0.232563,0.242562,0.305111,0.120000,0.130000,0.870000,0.880000,0.102563,0.091239,0.011324,0,0.112562,0.101177,0.011384,0,0.175111,0.163145,0.011966,0
2026-05-07T05:55:51.822Z,1778133350000,1778133351231,1778133351822,1778133351822,248178,248,81071.04,81028.47,81037.64,0.200527,0.209826,0.231875,0.241888,0.304562,0.120000,0.130000,0.870000,0.880000,0.101875,0.092760,0.009115,0,0.111888,0.102709,0.009179,0,0.174562,0.164764,0.009798,0
2026-05-07T05:55:52.749Z,1778133351000,1778133351231,1778133352749,1778133352749,247251,247,81071.04,81028.47,81037.64,0.200527,0.209826,0.231457,0.241479,0.304228,0.120000,0.130000,0.870000,0.880000,0.101457,0.094266,0.007191,0,0.111479,0.104226,0.007253,0,0.174228,0.166371,0.007857,0
2026-05-07T05:55:53.666Z,1778133352000,1778133351231,1778133353666,1778133353666,246334,246,81071.04,81028.47,81037.64,0.200527,0.209826,0.231042,0.241073,0.303898,0.120000,0.130000,0.870000,0.880000,0.101042,0.095760,0.005282,0,0.111073,0.105731,0.005342,0,0.173898,0.167968,0.005930,0
2026-05-07T05:55:54.405Z,1778133353000,1778133351231,1778133354405,1778133354405,245595,246,81071.04,81029.22,81037.64,0.200527,0.209826,0.230705,0.240744,0.306790,0.120000,0.130000,0.870000,0.880000,0.100705,0.097267,0.003438,0,0.110744,0.107250,0.003494,0,0.176790,0.169575,0.007215,0
2026-05-07T05:55:55.235Z,1778133354000,1778133353683,1778133355235,1778133355235,244765,245,81071.04,81029.22,81037.64,0.200527,0.209826,0.230326,0.240373,0.306492,0.120000,0.130000,0.870000,0.880000,0.100326,0.098742,0.001585,0,0.110373,0.108736,0.001638,0,0.176492,0.171473,0.005020,0
2026-05-07T05:55:56.765Z,1778133355000,1778133356408,1778133356765,1778133356765,243235,243,81071.04,81029.35,81044.86,0.200527,0.209826,0.280844,0.289570,0.306470,0.150000,0.160000,0.840000,0.850000,0.120844,0.099209,0.021635,0,0.129570,0.109215,0.020355,0,0.146470,0.172365,-0.025895,0
2026-05-07T05:55:57.439Z,1778133356000,1778133357358,1778133357439,1778133357439,242561,243,81071.04,81030.50,81044.86,0.200527,0.209826,0.280573,0.289306,0.311156,0.150000,0.160000,0.840000,0.850000,0.120573,0.101788,0.018784,0,0.129306,0.111672,0.017634,0,0.151156,0.170398,-0.019242,0
2026-05-07T05:55:58.342Z,1778133357000,1778133357358,1778133358342,1778133358342,241658,242,81071.04,81031.33,81044.86,0.200527,0.209826,0.280208,0.288952,0.314413,0.150000,0.160000,0.840000,0.850000,0.120208,0.104521,0.015687,0,0.128952,0.114280,0.014672,0,0.154413,0.168948,-0.014535,0
2026-05-07T05:55:59.979Z,1778133358000,1778133359408,1778133359979,1778133359979,240021,240,81071.04,81033.33,81044.86,0.200527,0.209826,0.279541,0.288306,0.322546,0.150000,0.160000,0.840000,0.850000,0.119541,0.107248,0.012293,0,0.128306,0.116883,0.011423,0,0.162546,0.167849,-0.005303,0
2026-05-07T05:56:00.669Z,1778133359000,1778133360333,1778133360669,1778133360669,239331,239,81071.04,81032.93,81044.86,0.200527,0.209826,0.279259,0.288032,0.320515,0.150000,0.160000,0.840000,0.850000,0.119259,0.108913,0.010345,0,0.128032,0.118425,0.009607,0,0.160515,0.166567,-0.006052,0
2026-05-07T05:56:01.560Z,1778133360000,1778133360333,1778133361560,1778133361560,238440,238,81071.04,81033.80,81044.86,0.200527,0.209826,0.278892,0.287676,0.324054,0.140000,0.150000,0.850000,0.860000,0.128892,0.110583,0.018309,0,0.137676,0.119972,0.017704,0,0.174054,0.165107,0.008947,0
2026-05-07T05:56:02.322Z,1778133361000,1778133360333,1778133362322,1778133362322,237678,238,81071.04,81033.81,81044.86,0.200527,0.209826,0.278577,0.287371,0.323806,0.140000,0.150000,0.850000,0.860000,0.128577,0.113285,0.015292,0,0.137371,0.122551,0.014819,0,0.173806,0.165056,0.008750,0
2026-05-07T05:56:05.975Z,1778133364000,1778133363333,1778133365975,1778133365975,234025,234,81071.04,81033.61,81044.86,0.200527,0.209826,0.277048,0.285887,0.321658,0.130000,0.140000,0.860000,0.870000,0.137048,0.115997,0.021051,0,0.145887,0.125140,0.020747,0,0.181658,0.165014,0.016644,0
2026-05-07T05:56:06.649Z,1778133365000,1778133366394,1778133366649,1778133366649,233351,233,81071.04,81033.60,81044.86,0.200527,0.209826,0.276762,0.285610,0.321394,0.130000,0.140000,0.860000,0.870000,0.136762,0.119597,0.017165,0,0.145610,0.128622,0.016988,0,0.181394,0.165790,0.015604,0
2026-05-07T05:56:07.984Z,1778133366000,1778133367393,1778133367984,1778133367984,232016,232,81071.04,81033.73,81044.86,0.200527,0.209826,0.276193,0.285058,0.321489,0.130000,0.140000,0.860000,0.870000,0.136193,0.123203,0.012990,0,0.145058,0.132108,0.012950,0,0.181489,0.166250,0.015239,0
2026-05-07T05:56:08.548Z,1778133367000,1778133367393,1778133368548,1778133368548,231452,231,81071.04,81034.03,81044.86,0.200527,0.209826,0.275952,0.284824,0.322629,0.130000,0.140000,0.860000,0.870000,0.135952,0.126790,0.009162,0,0.144824,0.135577,0.009247,0,0.182629,0.166750,0.015879,0
2026-05-07T05:56:09.129Z,1778133368000,1778133367393,1778133369129,1778133369129,230871,231,81071.04,81033.89,81044.86,0.200527,0.209826,0.275702,0.284581,0.321810,0.130000,0.140000,0.860000,0.870000,0.135702,0.128300,0.007401,0,0.144581,0.137102,0.007479,0,0.181810,0.170366,0.011444,0
2026-05-07T05:56:10.202Z,1778133369000,1778133367393,1778133370202,1778133370202,229798,230,81071.04,81033.90,81044.86,0.200527,0.209826,0.275238,0.284131,0.321435,0.130000,0.140000,0.860000,0.870000,0.135238,0.129813,0.005425,0,0.144131,0.138630,0.005502,0,0.181435,0.173431,0.008004,0
2026-05-07T05:56:11.394Z,1778133370000,1778133370343,1778133371394,1778133371394,228606,229,81071.04,81033.89,81044.86,0.200527,0.209826,0.274720,0.283629,0.320970,0.130000,0.140000,0.860000,0.870000,0.134720,0.131316,0.003404,0,0.143629,0.140148,0.003481,0,0.180970,0.176133,0.004836,0
2026-05-07T05:56:12.405Z,1778133371000,1778133371278,1778133372405,1778133372405,227595,228,81071.04,81033.89,81044.86,0.200527,0.209826,0.274278,0.283199,0.320594,0.130000,0.140000,0.860000,0.870000,0.134278,0.132834,0.001444,0,0.143199,0.141680,0.001519,0,0.180594,0.177976,0.002618,0
2026-05-07T05:56:12.980Z,1778133372000,1778133372328,1778133372980,1778133372980,227020,227,81071.04,81033.84,81044.86,0.200527,0.209826,0.274025,0.282954,0.320151,0.130000,0.140000,0.860000,0.870000,0.134025,0.134336,-0.000311,0,0.142954,0.143197,-0.000243,0,0.180151,0.179984,0.000167,0
2026-05-07T05:56:14.124Z,1778133373000,1778133373292,1778133374124,1778133374124,225876,226,81071.04,81033.95,81044.86,0.200527,0.209826,0.273520,0.282463,0.320232,0.130000,0.140000,0.860000,0.870000,0.133520,0.134850,-0.001330,0,0.142463,0.143724,-0.001261,0,0.180232,0.180594,-0.000361,0
2026-05-07T05:56:15.265Z,1778133374000,1778133374366,1778133375265,1778133375265,224735,225,81071.04,81034.05,81044.86,0.200527,0.209826,0.273012,0.281971,0.320254,0.130000,0.140000,0.860000,0.870000,0.133012,0.135344,-0.002331,0,0.141971,0.144234,-0.002263,0,0.180254,0.181236,-0.000982,0
2026-05-07T05:56:16.364Z,1778133375000,1778133374366,1778133376364,1778133376364,223636,224,81071.04,81033.02,81044.86,0.200527,0.209826,0.272520,0.281493,0.315223,0.160000,0.170000,0.830000,0.840000,0.102520,0.134940,-0.032420,0,0.111493,0.143842,-0.032349,0,0.145223,0.181096,-0.035872,0
2026-05-07T05:56:16.419Z,1778133375000,1778133374366,1778133376419,1778133376419,223581,224,81071.04,81033.02,81044.86,0.200527,0.209826,0.272496,0.281469,0.315202,0.160000,0.180000,0.820000,0.840000,0.092496,0.131516,-0.039020,0,0.101469,0.140430,-0.038961,0,0.135202,0.177479,-0.042276,0
2026-05-07T05:56:16.512Z,1778133375000,1778133376408,1778133376512,1778133376512,223488,223,81071.04,81033.02,81052.98,0.200527,0.209826,0.338072,0.344857,0.315167,0.170000,0.180000,0.820000,0.830000,0.158072,0.127146,0.030926,1,0.164857,0.136071,0.028786,0,0.135167,0.172850,-0.037683,0
2026-05-07T05:56:16.528Z,1778133375000,1778133376408,1778133376528,1778133376528,223472,223,81071.04,81033.02,81052.98,0.200527,0.209826,0.338067,0.344852,0.315161,0.170000,0.190000,0.810000,0.830000,0.148067,0.129358,0.018708,0,0.154852,0.138075,0.016777,0,0.125161,0.168104,-0.042943,0
2026-05-07T05:56:16.534Z,1778133375000,1778133376408,1778133376534,1778133376534,223466,223,81071.04,81033.02,81052.98,0.200527,0.209826,0.338065,0.344850,0.315159,0.170000,0.200000,0.800000,0.830000,0.138065,0.130595,0.007470,0,0.144850,0.139102,0.005748,0,0.115159,0.162439,-0.047280,0
2026-05-07T05:56:16.615Z,1778133375000,1778133376408,1778133376615,1778133376615,223385,223,81071.04,81033.02,81052.98,0.200527,0.209826,0.338037,0.344823,0.315128,0.190000,0.200000,0.800000,0.810000,0.138037,0.130877,0.007159,0,0.144823,0.139174,0.005650,0,0.115128,0.155811,-0.040684,0
2026-05-07T05:56:17.055Z,1778133376000,1778133376408,1778133377055,1778133377055,222945,223,81071.04,81033.03,81052.98,0.200527,0.209826,0.337886,0.344678,0.314997,0.190000,0.200000,0.800000,0.810000,0.137886,0.131209,0.006677,0,0.144678,0.139293,0.005385,0,0.114997,0.149227,-0.034230,0
2026-05-07T05:56:18.229Z,1778133377000,1778133377408,1778133378229,1778133378229,221771,222,81071.04,81037.13,81052.98,0.200527,0.209826,0.337483,0.344290,0.333243,0.190000,0.200000,0.800000,0.810000,0.137483,0.131570,0.005913,0,0.144290,0.139441,0.004849,0,0.133243,0.142667,-0.009424,0
2026-05-07T05:56:19.387Z,1778133378000,1778133378408,1778133379387,1778133379387,220613,221,81071.04,81037.33,81052.98,0.200527,0.209826,0.337082,0.343904,0.333784,0.190000,0.200000,0.800000,0.810000,0.137082,0.131916,0.005166,0,0.143904,0.139575,0.004329,0,0.133784,0.137977,-0.004193,0
2026-05-07T05:56:20.514Z,1778133379000,1778133379241,1778133380514,1778133380514,219486,219,81071.04,81036.93,81052.98,0.200527,0.209826,0.336689,0.343525,0.331511,0.190000,0.200000,0.800000,0.810000,0.136689,0.132272,0.004417,0,0.143525,0.139719,0.003806,0,0.131511,0.133332,-0.001821,0
2026-05-07T05:56:21.101Z,1778133380000,1778133379241,1778133381101,1778133381101,218899,219,81071.04,81037.08,81052.98,0.200527,0.209826,0.336483,0.343327,0.332005,0.190000,0.200000,0.800000,0.810000,0.136483,0.132640,0.003843,0,0.143327,0.139874,0.003453,0,0.132005,0.128458,0.003548,0
2026-05-07T05:56:22.677Z,1778133381000,1778133381423,1778133382677,1778133382677,217323,217,81071.04,81037.21,81052.98,0.200527,0.209826,0.335926,0.342791,0.332040,0.170000,0.200000,0.800000,0.830000,0.135926,0.136036,-0.000110,0,0.142791,0.143058,-0.000267,0,0.132040,0.127136,0.004904,0
2026-05-07T05:56:23.206Z,1778133382000,1778133381423,1778133383206,1778133383206,216794,217,81071.04,81037.33,81052.98,0.200527,0.209826,0.335738,0.342610,0.332410,0.170000,0.200000,0.800000,0.830000,0.135738,0.140379,-0.004641,0,0.142610,0.147190,-0.004580,0,0.132410,0.126819,0.005590,0
2026-05-07T05:56:24.268Z,1778133383000,1778133383396,1778133384268,1778133384268,215732,216,81071.04,81036.73,81052.98,0.200527,0.209826,0.335359,0.342244,0.329216,0.170000,0.200000,0.800000,0.830000,0.135359,0.138146,-0.002787,0,0.142244,0.144965,-0.002721,0,0.129216,0.126544,0.002673,0
2026-05-07T05:56:24.592Z,1778133383000,1778133383396,1778133384592,1778133384592,215408,215,81071.04,81036.73,81052.98,0.200527,0.209826,0.335242,0.342132,0.329097,0.160000,0.180000,0.820000,0.840000,0.155242,0.136875,0.018367,0,0.162132,0.143704,0.018428,0,0.149097,0.126949,0.022147,0
2026-05-07T05:56:25.344Z,1778133384000,1778133383396,1778133385344,1778133385344,214656,215,81071.04,81040.57,81052.98,0.200527,0.209826,0.334971,0.341871,0.346928,0.160000,0.170000,0.830000,0.840000,0.164971,0.138593,0.026379,0,0.171871,0.145432,0.026439,0,0.176928,0.130343,0.046584,1
2026-05-07T05:56:26.395Z,1778133385000,1778133385241,1778133386395,1778133386395,213605,214,81071.04,81040.38,81052.98,0.200527,0.209826,0.334590,0.341504,0.345658,0.160000,0.170000,0.830000,0.840000,0.164590,0.141286,0.023304,0,0.171504,0.148137,0.023367,0,0.175658,0.136523,0.039135,1
2026-05-07T05:56:27.420Z,1778133386000,1778133386271,1778133387420,1778133387420,212580,213,81071.04,81040.71,81052.98,0.200527,0.209826,0.334216,0.341144,0.346880,0.160000,0.170000,0.830000,0.840000,0.164216,0.143956,0.020260,0,0.171144,0.150820,0.020324,0,0.176880,0.142589,0.034291,1
2026-05-07T05:56:27.996Z,1778133387000,1778133386271,1778133387996,1778133387996,212004,212,81071.04,81040.70,81052.98,0.200527,0.209826,0.334005,0.340940,0.346648,0.160000,0.170000,0.830000,0.840000,0.164005,0.146630,0.017375,0,0.170940,0.153505,0.017435,0,0.176648,0.146953,0.029695,0
2026-05-07T05:56:28.014Z,1778133387000,1778133386271,1778133388014,1778133388014,211986,212,81071.04,81040.70,81052.98,0.200527,0.209826,0.333998,0.340934,0.346642,0.150000,0.170000,0.830000,0.850000,0.163998,0.149322,0.014676,0,0.170934,0.156209,0.014725,0,0.176642,0.151239,0.025403,0
2026-05-07T05:56:28.036Z,1778133387000,1778133386271,1778133388036,1778133388036,211964,212,81071.04,81040.70,81052.98,0.200527,0.209826,0.333990,0.340926,0.346635,0.140000,0.160000,0.840000,0.860000,0.173990,0.152053,0.021937,0,0.180926,0.158950,0.021976,0,0.186635,0.155752,0.030882,1
2026-05-07T05:56:29.027Z,1778133388000,1778133388409,1778133389027,1778133389027,210973,211,81071.04,81040.70,81052.98,0.200527,0.209826,0.333624,0.340574,0.346274,0.140000,0.160000,0.840000,0.860000,0.173624,0.155804,0.017821,0,0.180574,0.162710,0.017864,0,0.186274,0.161215,0.025059,0
2026-05-07T05:56:29.973Z,1778133388000,1778133388409,1778133389973,1778133389973,210027,210,81071.04,81040.70,81052.98,0.200527,0.209826,0.333273,0.340235,0.345947,0.140000,0.150000,0.850000,0.860000,0.183273,0.159573,0.023700,0,0.190235,0.166488,0.023748,0,0.195947,0.166639,0.029308,0
2026-05-07T05:56:30.202Z,1778133389000,1778133388409,1778133390202,1778133390202,209798,210,81071.04,81041.22,81052.98,0.200527,0.209826,0.333188,0.340153,0.348422,0.140000,0.150000,0.850000,0.860000,0.183188,0.164327,0.018861,0,0.190153,0.171250,0.018903,0,0.198422,0.172992,0.025429,0
2026-05-07T05:56:31.256Z,1778133390000,1778133390408,1778133391256,1778133391256,208744,209,81071.04,81041.24,81052.98,0.200527,0.209826,0.332793,0.339773,0.348150,0.140000,0.150000,0.850000,0.860000,0.182793,0.169110,0.013683,0,0.189773,0.176041,0.013732,0,0.198150,0.179913,0.018237,0
2026-05-07T05:56:32.328Z,1778133391000,1778133391411,1778133392328,1778133392328,207672,208,81071.04,81041.25,81052.98,0.200527,0.209826,0.332389,0.339384,0.347787,0.140000,0.150000,0.850000,0.860000,0.182389,0.171865,0.010524,0,0.189384,0.178805,0.010578,0,0.197787,0.184818,0.012968,0
2026-05-07T05:56:32.351Z,1778133391000,1778133391411,1778133392351,1778133392351,207649,208,81071.04,81041.25,81052.98,0.200527,0.209826,0.332380,0.339375,0.347779,0.140000,0.160000,0.840000,0.860000,0.172380,0.173607,-0.001226,0,0.179375,0.180557,-0.001182,0,0.187779,0.186904,0.000874,0
2026-05-07T05:56:32.989Z,1778133391000,1778133392417,1778133392989,1778133392989,207011,207,81071.04,81041.25,81052.98,0.200527,0.209826,0.332138,0.339142,0.347557,0.180000,0.190000,0.810000,0.820000,0.142138,0.174386,-0.032247,0,0.149142,0.181344,-0.032202,0,0.157557,0.188116,-0.030560,0
2026-05-07T05:56:33.356Z,1778133392000,1778133392417,1778133393356,1778133393356,206644,207,81071.04,81041.26,81052.98,0.200527,0.209826,0.331999,0.339007,0.347503,0.180000,0.190000,0.810000,0.820000,0.141999,0.172178,-0.030179,0,0.149007,0.179144,-0.030136,0,0.157503,0.186184,-0.028681,0
2026-05-07T05:56:34.430Z,1778133393000,1778133393367,1778133394430,1778133394430,205570,206,81071.04,81040.34,81052.98,0.200527,0.209826,0.331588,0.338612,0.342669,0.180000,0.190000,0.810000,0.820000,0.141588,0.169977,-0.028390,0,0.148612,0.176950,-0.028339,0,0.152669,0.184269,-0.031601,0
2026-05-07T05:56:34.489Z,1778133393000,1778133394368,1778133394489,1778133394489,205511,206,81071.04,81040.34,81052.98,0.200527,0.209826,0.331565,0.338590,0.342647,0.150000,0.160000,0.840000,0.850000,0.171565,0.167736,0.003829,0,0.178590,0.174718,0.003872,0,0.182647,0.181872,0.000775,0
2026-05-07T05:56:34.990Z,1778133394000,1778133394368,1778133394990,1778133394990,205010,205,81071.04,81040.18,81052.98,0.200527,0.209826,0.331372,0.338404,0.341696,0.150000,0.160000,0.840000,0.850000,0.171372,0.167494,0.003879,0,0.178404,0.174485,0.003920,0,0.181696,0.181473,0.000223,0
2026-05-07T05:56:36.703Z,1778133395000,1778133396358,1778133396703,1778133396703,203297,203,81071.04,81040.74,81052.98,0.200527,0.209826,0.330708,0.337764,0.343775,0.150000,0.160000,0.840000,0.850000,0.170708,0.167269,0.003440,0,0.177764,0.174268,0.003497,0,0.183775,0.181016,0.002759,0
2026-05-07T05:56:37.326Z,1778133396000,1778133396358,1778133397326,1778133397326,202674,203,81071.04,81040.58,81052.98,0.200527,0.209826,0.330465,0.337530,0.342775,0.150000,0.160000,0.840000,0.850000,0.170465,0.166012,0.004453,0,0.177530,0.173020,0.004509,0,0.182775,0.179798,0.002977,0
2026-05-07T05:56:38.749Z,1778133397000,1778133398411,1778133398749,1778133398749,201251,201,81071.04,81040.58,81052.98,0.200527,0.209826,0.329905,0.336990,0.342256,0.150000,0.160000,0.840000,0.850000,0.169905,0.164740,0.005165,0,0.176990,0.171758,0.005232,0,0.182256,0.178234,0.004023,0
2026-05-07T05:56:39.365Z,1778133398000,1778133398411,1778133399365,1778133399365,200635,201,81071.04,81040.58,81052.98,0.200527,0.209826,0.329660,0.336755,0.342028,0.150000,0.160000,0.840000,0.850000,0.169660,0.163451,0.006210,0,0.176755,0.170480,0.006275,0,0.182028,0.176644,0.005384,0
2026-05-07T05:56:39.477Z,1778133398000,1778133398411,1778133399477,1778133399477,200523,201,81071.04,81040.58,81052.98,0.200527,0.209826,0.329616,0.336712,0.341986,0.150000,0.170000,0.830000,0.850000,0.159616,0.162178,-0.002562,0,0.166712,0.169217,-0.002505,0,0.171986,0.175068,-0.003082,0
2026-05-07T05:56:40.722Z,1778133399000,1778133398411,1778133400722,1778133400722,199278,199,81071.04,81040.58,81052.98,0.200527,0.209826,0.329119,0.336233,0.341521,0.160000,0.170000,0.830000,0.840000,0.159119,0.160902,-0.001783,0,0.166233,0.167950,-0.001718,0,0.171521,0.173489,-0.001968,0
2026-05-07T05:56:41.379Z,1778133400000,1778133398411,1778133401379,1778133401379,198621,199,81071.04,81040.58,81052.98,0.200527,0.209826,0.328855,0.335978,0.341274,0.160000,0.170000,0.830000,0.840000,0.158855,0.162600,-0.003745,0,0.165978,0.169659,-0.003682,0,0.171274,0.174886,-0.003611,0
2026-05-07T05:56:42.598Z,1778133401000,1778133402123,1778133402598,1778133402598,197402,197,81071.04,81040.58,81052.98,0.200527,0.209826,0.328361,0.335503,0.340810,0.150000,0.170000,0.830000,0.850000,0.158361,0.164285,-0.005924,0,0.165503,0.171357,-0.005854,0,0.170810,0.176263,-0.005453,0
2026-05-07T05:56:43.335Z,1778133402000,1778133402123,1778133403335,1778133403335,196665,197,81071.04,81040.58,81052.98,0.200527,0.209826,0.328061,0.335213,0.340527,0.150000,0.170000,0.830000,0.850000,0.158061,0.165963,-0.007901,0,0.165213,0.173046,-0.007833,0,0.170527,0.178077,-0.007550,0
2026-05-07T05:56:44.481Z,1778133403000,1778133404231,1778133404481,1778133404481,195519,196,81071.04,81040.58,81052.98,0.200527,0.209826,0.327591,0.334760,0.340080,0.150000,0.170000,0.830000,0.850000,0.157591,0.164612,-0.007021,0,0.164760,0.171708,-0.006948,0,0.170080,0.176865,-0.006785,0
2026-05-07T05:56:45.106Z,1778133404000,1778133404231,1778133405106,1778133405106,194894,195,81071.04,81040.58,81052.98,0.200527,0.209826,0.327333,0.334511,0.339838,0.150000,0.170000,0.830000,0.850000,0.157333,0.163234,-0.005901,0,0.164511,0.170344,-0.005832,0,0.169838,0.175703,-0.005865,0
2026-05-07T05:56:45.300Z,1778133404000,1778133404231,1778133405300,1778133405300,194700,195,81071.04,81040.58,81052.98,0.200527,0.209826,0.327253,0.334434,0.339763,0.150000,0.160000,0.840000,0.850000,0.167253,0.161897,0.005356,0,0.174434,0.169018,0.005416,0,0.179763,0.174310,0.005453,0
2026-05-07T05:56:46.438Z,1778133405000,1778133406175,1778133406438,1778133406438,193562,194,81071.04,81040.58,81052.98,0.200527,0.209826,0.326779,0.333977,0.339325,0.150000,0.160000,0.840000,0.850000,0.166779,0.161575,0.005204,0,0.173977,0.168709,0.005269,0,0.179325,0.174008,0.005316,0
2026-05-07T05:56:47.609Z,1778133406000,1778133406175,1778133407609,1778133407609,192391,192,81071.04,81040.55,81052.98,0.200527,0.209826,0.326288,0.333504,0.338726,0.150000,0.160000,0.840000,0.850000,0.166288,0.161263,0.005025,0,0.173504,0.168407,0.005096,0,0.178726,0.173715,0.005011,0
2026-05-07T05:56:48.340Z,1778133407000,1778133406175,1778133408340,1778133408340,191660,192,81071.04,81040.58,81052.98,0.200527,0.209826,0.325979,0.333206,0.338578,0.150000,0.160000,0.840000,0.850000,0.165979,0.160926,0.005054,0,0.173206,0.168082,0.005124,0,0.178578,0.173385,0.005193,0
2026-05-07T05:56:49.629Z,1778133408000,1778133409430,1778133409629,1778133409629,190371,190,81071.04,81040.57,81052.98,0.200527,0.209826,0.325431,0.332677,0.337985,0.140000,0.160000,0.840000,0.860000,0.165431,0.161562,0.003869,0,0.172677,0.168732,0.003945,0,0.177985,0.174044,0.003940,0
2026-05-07T05:56:50.131Z,1778133409000,1778133409430,1778133410131,1778133410131,189869,190,81071.04,81040.57,81052.98,0.200527,0.209826,0.325216,0.332470,0.337792,0.140000,0.160000,0.840000,0.860000,0.165216,0.162193,0.003022,0,0.172470,0.169376,0.003094,0,0.177792,0.174691,0.003101,0
2026-05-07T05:56:50.334Z,1778133409000,1778133409430,1778133410334,1778133410334,189666,190,81071.04,81040.57,81052.98,0.200527,0.209826,0.325128,0.332386,0.337710,0.140000,0.150000,0.850000,0.860000,0.175128,0.162829,0.012299,0,0.182386,0.170026,0.012360,0,0.187710,0.175342,0.012368,0
2026-05-07T05:56:51.481Z,1778133410000,1778133411387,1778133411481,1778133411481,188519,189,81071.04,81040.50,81052.98,0.200527,0.209826,0.324633,0.331909,0.336927,0.140000,0.150000,0.850000,0.860000,0.174633,0.164506,0.010127,0,0.181909,0.171714,0.010195,0,0.186927,0.177032,0.009894,0
2026-05-07T05:56:52.191Z,1778133411000,1778133411387,1778133412191,1778133412191,187809,188,81071.04,81040.50,81052.98,0.200527,0.209826,0.324325,0.331611,0.336637,0.140000,0.150000,0.850000,0.860000,0.174325,0.166163,0.008162,0,0.181611,0.173383,0.008228,0,0.186637,0.178672,0.007965,0
2026-05-07T05:56:53.070Z,1778133412000,1778133412369,1778133413070,1778133413070,186930,187,81071.04,81040.56,81052.98,0.200527,0.209826,0.323940,0.331240,0.336566,0.140000,0.150000,0.850000,0.860000,0.173940,0.167836,0.006104,0,0.181240,0.175069,0.006172,0,0.186566,0.180328,0.006237,0
2026-05-07T05:56:53.074Z,1778133412000,1778133412369,1778133413074,1778133413074,186926,187,81071.04,81040.56,81052.98,0.200527,0.209826,0.323939,0.331239,0.336564,0.130000,0.150000,0.850000,0.870000,0.173939,0.169497,0.004441,0,0.181239,0.176741,0.004497,0,0.186564,0.182001,0.004563,0
2026-05-07T05:56:54.148Z,1778133413000,1778133413408,1778133414148,1778133414148,185852,186,81071.04,81040.56,81052.98,0.200527,0.209826,0.323466,0.330783,0.336118,0.130000,0.150000,0.850000,0.870000,0.173466,0.170166,0.003300,0,0.180783,0.177422,0.003361,0,0.186118,0.182681,0.003437,0
2026-05-07T05:56:55.217Z,1778133414000,1778133414102,1778133415217,1778133415217,184783,185,81071.04,81040.56,81052.98,0.200527,0.209826,0.322991,0.330325,0.335651,0.130000,0.140000,0.860000,0.870000,0.182991,0.170834,0.012157,0,0.190325,0.178102,0.012223,0,0.195651,0.183360,0.012290,0
2026-05-07T05:56:56.263Z,1778133415000,1778133415390,1778133416263,1778133416263,183737,184,81071.04,81039.90,81052.98,0.200527,0.209826,0.322523,0.329873,0.331876,0.130000,0.140000,0.860000,0.870000,0.182523,0.172505,0.010018,0,0.189873,0.179785,0.010089,0,0.191876,0.185053,0.006823,0
2026-05-07T05:56:57.481Z,1778133416000,1778133416284,1778133417481,1778133417481,182519,183,81071.04,81040.19,81052.98,0.200527,0.209826,0.321973,0.329343,0.332819,0.130000,0.140000,0.860000,0.870000,0.181973,0.174159,0.007814,0,0.189343,0.181451,0.007892,0,0.192819,0.186383,0.006436,0
2026-05-07T05:56:58.233Z,1778133417000,1778133416284,1778133418233,1778133418233,181767,182,81071.04,81040.19,81052.98,0.200527,0.209826,0.321631,0.329013,0.332495,0.130000,0.140000,0.860000,0.870000,0.181631,0.175813,0.005818,0,0.189013,0.183118,0.005896,0,0.192495,0.187866,0.004629,0
2026-05-07T05:56:59.316Z,1778133418000,1778133418231,1778133419316,1778133419316,180684,181,81071.04,81040.21,81052.98,0.200527,0.209826,0.321135,0.328535,0.332157,0.130000,0.140000,0.860000,0.870000,0.181135,0.177455,0.003680,0,0.188535,0.184772,0.003763,0,0.192157,0.189336,0.002821,0
2026-05-07T05:57:00.448Z,1778133419000,1778133420291,1778133420448,1778133420448,179552,180,81071.04,81040.57,81052.98,0.200527,0.209826,0.320612,0.328031,0.333475,0.130000,0.140000,0.860000,0.870000,0.180612,0.178056,0.002557,0,0.188031,0.185387,0.002643,0,0.193475,0.189781,0.003694,0
2026-05-07T05:57:01.037Z,1778133420000,1778133420291,1778133421037,1778133421037,178963,179,81071.04,81040.57,81052.98,0.200527,0.209826,0.320338,0.327766,0.333218,0.130000,0.140000,0.860000,0.870000,0.180338,0.178654,0.001685,0,0.187766,0.185999,0.001767,0,0.193218,0.190436,0.002782,0
2026-05-07T05:57:01.078Z,1778133420000,1778133420291,1778133421078,1778133421078,178922,179,81071.04,81040.57,81052.98,0.200527,0.209826,0.320319,0.327748,0.333200,0.120000,0.140000,0.860000,0.880000,0.180319,0.179255,0.001064,0,0.187748,0.186615,0.001133,0,0.193200,0.191094,0.002106,0
2026-05-07T05:57:01.564Z,1778133420000,1778133421333,1778133421564,1778133421564,178436,178,81071.04,81040.57,81052.98,0.200527,0.209826,0.320092,0.327529,0.332987,0.130000,0.140000,0.860000,0.870000,0.180092,0.179893,0.000199,0,0.187529,0.187266,0.000263,0,0.192987,0.191757,0.001230,0
2026-05-07T05:57:02.269Z,1778133421000,1778133421333,1778133422269,1778133422269,177731,178,81071.04,81040.57,81052.98,0.200527,0.209826,0.319762,0.327210,0.332677,0.130000,0.140000,0.860000,0.870000,0.179762,0.180508,-0.000747,0,0.187210,0.187895,-0.000685,0,0.192677,0.192399,0.000278,0
2026-05-07T05:57:03.457Z,1778133422000,1778133423391,1778133423457,1778133423457,176543,177,81071.04,81040.57,81052.98,0.200527,0.209826,0.319200,0.326668,0.332150,0.130000,0.140000,0.860000,0.870000,0.179200,0.181138,-0.001938,0,0.186668,0.188537,-0.001869,0,0.192150,0.193055,-0.000905,0
2026-05-07T05:57:04.056Z,1778133423000,1778133423391,1778133424056,1778133424056,175944,176,81071.04,81040.57,81052.98,0.200527,0.209826,0.318915,0.326393,0.331883,0.130000,0.140000,0.860000,0.870000,0.178915,0.180759,-0.001844,0,0.186393,0.188172,-0.001779,0,0.191883,0.192705,-0.000822,0
2026-05-07T05:57:05.291Z,1778133424000,1778133424431,1778133425291,1778133425291,174709,175,81071.04,81039.29,81052.98,0.200527,0.209826,0.318322,0.325821,0.324727,0.130000,0.140000,0.860000,0.870000,0.178322,0.180398,-0.002075,0,0.185821,0.187824,-0.002002,0,0.184727,0.192706,-0.007979,0
2026-05-07T05:57:06.449Z,1778133425000,1778133425393,1778133426449,1778133426449,173551,174,81071.04,81039.79,81052.98,0.200527,0.209826,0.317762,0.325280,0.326763,0.130000,0.140000,0.860000,0.870000,0.177762,0.180033,-0.002271,0,0.185280,0.187471,-0.002191,0,0.186763,0.191897,-0.005134,0
2026-05-07T05:57:07.032Z,1778133426000,1778133425393,1778133427032,1778133427032,172968,173,81071.04,81039.79,81052.98,0.200527,0.209826,0.317478,0.325006,0.326491,0.130000,0.140000,0.860000,0.870000,0.177478,0.179646,-0.002168,0,0.185006,0.187098,-0.002092,0,0.186491,0.191324,-0.004833,0
2026-05-07T05:57:07.736Z,1778133426000,1778133427406,1778133427736,1778133427736,172264,172,81071.04,81039.79,81052.98,0.200527,0.209826,0.317133,0.324673,0.326160,0.120000,0.140000,0.860000,0.880000,0.177133,0.179280,-0.002148,0,0.184673,0.186745,-0.002072,0,0.186160,0.190757,-0.004597,0
2026-05-07T05:57:08.617Z,1778133427000,1778133428077,1778133428617,1778133428617,171383,171,81071.04,81040.09,81052.98,0.200527,0.209826,0.316698,0.324254,0.327291,0.120000,0.140000,0.860000,0.880000,0.176698,0.178932,-0.002234,0,0.184254,0.186409,-0.002156,0,0.187291,0.190026,-0.002734,0
2026-05-07T05:57:09.384Z,1778133428000,1778133428077,1778133429384,1778133429384,170616,171,81071.04,81040.09,81052.98,0.200527,0.209826,0.316317,0.323886,0.326930,0.120000,0.140000,0.860000,0.880000,0.176317,0.178568,-0.002251,0,0.183886,0.186058,-0.002172,0,0.186930,0.189433,-0.002503,0
2026-05-07T05:57:10.596Z,1778133429000,1778133430335,1778133430596,1778133430596,169404,169,81071.04,81040.04,81052.98,0.200527,0.209826,0.315711,0.323301,0.326122,0.120000,0.130000,0.870000,0.880000,0.185711,0.178168,0.007543,0,0.193301,0.185672,0.007629,0,0.196122,0.188806,0.007316,0
2026-05-07T05:57:11.240Z,1778133430000,1778133430335,1778133431240,1778133431240,168760,169,81071.04,81039.70,81052.98,0.200527,0.209826,0.315386,0.322987,0.324031,0.120000,0.130000,0.870000,0.880000,0.185386,0.178730,0.006656,0,0.192987,0.186249,0.006738,0,0.194031,0.189119,0.004911,0
2026-05-07T05:57:12.499Z,1778133431000,1778133432393,1778133432499,1778133432499,167501,168,81071.04,81040.09,81052.98,0.200527,0.209826,0.314746,0.322369,0.325436,0.120000,0.130000,0.870000,0.880000,0.184746,0.179292,0.005454,0,0.192369,0.186827,0.005543,0,0.195436,0.189255,0.006182,0
2026-05-07T05:57:13.150Z,1778133432000,1778133432393,1778133433150,1778133433150,166850,167,81071.04,81040.03,81052.98,0.200527,0.209826,0.314412,0.322048,0.324812,0.110000,0.130000,0.870000,0.890000,0.184412,0.179847,0.004566,0,0.192048,0.187397,0.004651,0,0.194812,0.189583,0.005228,0
2026-05-07T05:57:13.663Z,1778133432000,1778133433199,1778133433663,1778133433663,166337,166,81071.04,81040.03,81052.98,0.200527,0.209826,0.314148,0.321793,0.324560,0.110000,0.120000,0.880000,0.890000,0.194148,0.180396,0.013752,0,0.201793,0.187963,0.013830,0,0.204560,0.189876,0.014684,0
2026-05-07T05:57:14.426Z,1778133433000,1778133433199,1778133434426,1778133434426,165574,166,81071.04,81040.08,81052.98,0.200527,0.209826,0.313753,0.321411,0.324490,0.110000,0.120000,0.880000,0.890000,0.193753,0.181979,0.011774,0,0.201411,0.189560,0.011852,0,0.204490,0.191860,0.012631,0
2026-05-07T05:57:14.498Z,1778133433000,1778133434408,1778133434498,1778133434498,165502,166,81071.04,81040.08,81054.83,0.200527,0.209826,0.331542,0.338568,0.324455,0.110000,0.130000,0.870000,0.890000,0.201542,0.183578,0.017964,0,0.208568,0.191173,0.017396,0,0.194455,0.193632,0.000823,0
2026-05-07T05:57:14.510Z,1778133433000,1778133434408,1778133434510,1778133434510,165490,165,81071.04,81040.08,81054.83,0.200527,0.209826,0.331536,0.338563,0.324449,0.120000,0.140000,0.860000,0.880000,0.191536,0.185985,0.005552,0,0.198563,0.193529,0.005034,0,0.184449,0.194429,-0.009980,0
2026-05-07T05:57:14.537Z,1778133433000,1778133434408,1778133434537,1778133434537,165463,165,81071.04,81040.08,81054.83,0.200527,0.209826,0.331523,0.338551,0.324436,0.140000,0.150000,0.850000,0.860000,0.181523,0.187425,-0.005902,0,0.188551,0.194918,-0.006367,0,0.174436,0.194258,-0.019822,0
2026-05-07T05:57:14.658Z,1778133433000,1778133434408,1778133434658,1778133434658,165342,165,81071.04,81040.08,81054.83,0.200527,0.209826,0.331466,0.338495,0.324376,0.140000,0.160000,0.840000,0.860000,0.171466,0.187908,-0.016442,0,0.178495,0.195348,-0.016853,0,0.164376,0.192972,-0.028596,0
2026-05-07T05:57:14.907Z,1778133433000,1778133434408,1778133434907,1778133434907,165093,165,81071.04,81040.08,81054.83,0.200527,0.209826,0.331347,0.338380,0.324253,0.150000,0.160000,0.840000,0.850000,0.171347,0.187422,-0.016076,0,0.178380,0.194809,-0.016428,0,0.164253,0.190717,-0.026464,0
2026-05-07T05:57:15.040Z,1778133434000,1778133434408,1778133435040,1778133435040,164960,165,81071.04,81040.08,81054.83,0.200527,0.209826,0.331283,0.338319,0.324184,0.150000,0.160000,0.840000,0.850000,0.171283,0.185986,-0.014703,0,0.178319,0.193317,-0.014998,0,0.164184,0.187530,-0.023346,0
2026-05-07T05:57:16.317Z,1778133435000,1778133435411,1778133436317,1778133436317,163683,164,81071.04,81041.66,81054.83,0.200527,0.209826,0.330668,0.337726,0.331943,0.150000,0.160000,0.840000,0.850000,0.170668,0.184576,-0.013908,0,0.177726,0.191850,-0.014124,0,0.171943,0.184545,-0.012602,0
2026-05-07T05:57:16.530Z,1778133435000,1778133436413,1778133436530,1778133436530,163470,163,81071.04,81041.66,81065.11,0.200527,0.209826,0.436213,0.439009,0.331841,0.170000,0.190000,0.810000,0.830000,0.246213,0.183168,0.063045,1,0.249009,0.190385,0.058624,1,0.141841,0.182196,-0.040355,0
2026-05-07T05:57:16.536Z,1778133435000,1778133436413,1778133436536,1778133436536,163464,163,81071.04,81041.66,81065.11,0.200527,0.209826,0.436212,0.439008,0.331838,0.170000,0.200000,0.800000,0.830000,0.236212,0.189348,0.046864,1,0.239008,0.196081,0.042926,1,0.131838,0.176899,-0.045061,0
2026-05-07T05:57:16.549Z,1778133435000,1778133436413,1778133436549,1778133436549,163451,163,81071.04,81041.66,81065.11,0.200527,0.209826,0.436209,0.439005,0.331832,0.170000,0.220000,0.780000,0.830000,0.216209,0.193554,0.022655,0,0.219005,0.199803,0.019202,0,0.111832,0.169626,-0.057795,0
2026-05-07T05:57:17.621Z,1778133436000,1778133437405,1778133437621,1778133437621,162379,162,81071.04,81041.71,81065.11,0.200527,0.209826,0.436001,0.438807,0.331573,0.220000,0.240000,0.760000,0.780000,0.196001,0.195800,0.000202,0,0.198807,0.201562,-0.002756,0,0.091573,0.160361,-0.068787,0
2026-05-07T05:57:17.651Z,1778133436000,1778133437405,1778133437651,1778133437651,162349,162,81071.04,81041.71,81065.11,0.200527,0.209826,0.435996,0.438801,0.331559,0.230000,0.240000,0.760000,0.770000,0.195996,0.195246,0.000750,0,0.198801,0.200586,-0.001785,0,0.091559,0.150072,-0.058514,0
2026-05-07T05:57:18.150Z,1778133437000,1778133437405,1778133438150,1778133438150,161850,162,81071.04,81046.97,81065.11,0.200527,0.209826,0.435898,0.438708,0.360149,0.230000,0.240000,0.760000,0.770000,0.195898,0.195692,0.000206,0,0.198708,0.200610,-0.001902,0,0.120149,0.140783,-0.020634,0
2026-05-07T05:57:19.429Z,1778133438000,1778133438303,1778133439429,1778133439429,160571,161,81071.04,81042.34,81065.11,0.200527,0.209826,0.435646,0.438467,0.334115,0.230000,0.240000,0.760000,0.770000,0.195646,0.197129,-0.001483,0,0.198467,0.201626,-0.003159,0,0.094115,0.135355,-0.041240,0
2026-05-07T05:57:20.037Z,1778133439000,1778133439402,1778133440037,1778133440037,159963,160,81071.04,81047.68,81065.11,0.200527,0.209826,0.435526,0.438351,0.363350,0.230000,0.240000,0.760000,0.770000,0.195526,0.199547,-0.004022,0,0.198351,0.203623,-0.005272,0,0.123350,0.128329,-0.004978,0
2026-05-07T05:57:21.475Z,1778133440000,1778133441404,1778133441475,1778133441475,158525,159,81071.04,81050.38,81065.11,0.200527,0.209826,0.435237,0.438075,0.378080,0.230000,0.240000,0.760000,0.770000,0.195237,0.201965,-0.006728,0,0.198075,0.205620,-0.007545,0,0.138080,0.124238,0.013842,0
2026-05-07T05:57:22.020Z,1778133441000,1778133441404,1778133442020,1778133442020,157980,158,81071.04,81049.96,81065.11,0.200527,0.209826,0.435127,0.437970,0.375482,0.230000,0.240000,0.760000,0.770000,0.195127,0.204361,-0.009234,0,0.197970,0.207596,-0.009626,0,0.135482,0.121628,0.013854,0
2026-05-07T05:57:23.360Z,1778133442000,1778133442342,1778133443360,1778133443360,156640,157,81071.04,81050.05,81065.11,0.200527,0.209826,0.434853,0.437708,0.375474,0.230000,0.240000,0.760000,0.770000,0.194853,0.206806,-0.011953,0,0.197708,0.209620,-0.011912,0,0.135474,0.117982,0.017492,0
2026-05-07T05:57:24.020Z,1778133443000,1778133443248,1778133444020,1778133444020,155980,156,81071.04,81050.05,81065.11,0.200527,0.209826,0.434717,0.437578,0.375220,0.230000,0.240000,0.760000,0.770000,0.194717,0.201671,-0.006953,0,0.197578,0.204490,-0.006912,0,0.135220,0.117345,0.017875,0
2026-05-07T05:57:25.521Z,1778133444000,1778133445383,1778133445521,1778133445521,154479,154,81071.04,81050.24,81065.11,0.200527,0.209826,0.434404,0.437279,0.375703,0.230000,0.240000,0.760000,0.770000,0.194404,0.197521,-0.003117,0,0.197279,0.200347,-0.003068,0,0.135703,0.117684,0.018020,0
2026-05-07T05:57:25.960Z,1778133445000,1778133445383,1778133445960,1778133445960,154040,154,81071.04,81050.38,81065.11,0.200527,0.209826,0.434312,0.437190,0.376354,0.230000,0.240000,0.760000,0.770000,0.194312,0.195341,-0.001028,0,0.197190,0.198174,-0.000984,0,0.136354,0.120071,0.016283,0
2026-05-07T05:57:26.326Z,1778133445000,1778133445383,1778133446326,1778133446326,153674,154,81071.04,81050.38,81065.11,0.200527,0.209826,0.434235,0.437117,0.376212,0.220000,0.240000,0.760000,0.780000,0.194235,0.195172,-0.000937,0,0.197117,0.198013,-0.000896,0,0.136212,0.124549,0.011663,0
2026-05-07T05:57:27.157Z,1778133446000,1778133446243,1778133447157,1778133447157,152843,153,81071.04,81050.55,81065.11,0.200527,0.209826,0.434058,0.436948,0.376907,0.220000,0.240000,0.760000,0.780000,0.194058,0.194996,-0.000937,0,0.196948,0.197844,-0.000897,0,0.136907,0.129014,0.007893,0
2026-05-07T05:57:28.132Z,1778133447000,1778133447290,1778133448132,1778133448132,151868,152,81071.04,81050.28,81065.11,0.200527,0.209826,0.433850,0.436748,0.374919,0.220000,0.240000,0.760000,0.780000,0.193850,0.194812,-0.000962,0,0.196748,0.197668,-0.000920,0,0.134919,0.130690,0.004230,0
2026-05-07T05:57:29.070Z,1778133448000,1778133448407,1778133449070,1778133449070,150930,151,81071.04,81050.24,81065.11,0.200527,0.209826,0.433647,0.436554,0.374311,0.220000,0.240000,0.760000,0.780000,0.193647,0.194632,-0.000985,0,0.196554,0.197496,-0.000942,0,0.134311,0.134770,-0.000460,0
2026-05-07T05:57:29.851Z,1778133448000,1778133449357,1778133449851,1778133449851,150149,150,81071.04,81050.24,81065.11,0.200527,0.209826,0.433476,0.436391,0.373996,0.220000,0.230000,0.770000,0.780000,0.203476,0.194444,0.009032,0,0.206391,0.197317,0.009074,0,0.143996,0.135866,0.008130,0
2026-05-07T05:57:30.129Z,1778133449000,1778133449357,1778133450129,1778133450129,149871,150,81071.04,81050.29,81065.11,0.200527,0.209826,0.433415,0.436333,0.374167,0.220000,0.230000,0.770000,0.780000,0.203415,0.195268,0.008148,0,0.206333,0.198148,0.008184,0,0.144167,0.136458,0.007709,0
2026-05-07T05:57:31.152Z,1778133450000,1778133450308,1778133451152,1778133451152,148848,149,81071.04,81050.50,81065.11,0.200527,0.209826,0.433190,0.436117,0.374986,0.220000,0.230000,0.770000,0.780000,0.203190,0.196097,0.007093,0,0.206117,0.198984,0.007132,0,0.144986,0.137326,0.007660,0
2026-05-07T05:57:32.126Z,1778133451000,1778133451339,1778133452126,1778133452126,147874,148,81071.04,81050.54,81065.11,0.200527,0.209826,0.432973,0.435909,0.374865,0.220000,0.230000,0.770000,0.780000,0.202973,0.196930,0.006042,0,0.205909,0.199825,0.006084,0,0.144865,0.138277,0.006587,0
2026-05-07T05:57:33.117Z,1778133452000,1778133452340,1778133453117,1778133453117,146883,147,81071.04,81050.45,81065.11,0.200527,0.209826,0.432750,0.435696,0.373922,0.220000,0.230000,0.770000,0.780000,0.202750,0.197756,0.004994,0,0.205696,0.200658,0.005037,0,0.143922,0.139242,0.004680,0
2026-05-07T05:57:33.705Z,1778133452000,1778133453408,1778133453705,1778133453705,146295,146,81071.04,81050.45,81065.11,0.200527,0.209826,0.432616,0.435568,0.373678,0.210000,0.230000,0.770000,0.790000,0.202616,0.198591,0.004026,0,0.205568,0.201500,0.004068,0,0.143678,0.140064,0.003614,0
2026-05-07T05:57:33.709Z,1778133452000,1778133453408,1778133453709,1778133453709,146291,146,81071.04,81050.45,81065.11,0.200527,0.209826,0.432615,0.435567,0.373677,0.190000,0.230000,0.770000,0.810000,0.202615,0.199421,0.003194,0,0.205567,0.202338,0.003229,0,0.143677,0.140796,0.002880,0
2026-05-07T05:57:33.894Z,1778133452000,1778133453408,1778133453894,1778133453894,146106,146,81071.04,81050.45,81065.11,0.200527,0.209826,0.432573,0.435527,0.373599,0.190000,0.200000,0.800000,0.810000,0.232573,0.200259,0.032314,1,0.235527,0.203183,0.032344,1,0.173599,0.141543,0.032057,1
2026-05-07T05:57:34.281Z,1778133453000,1778133453408,1778133454281,1778133454281,145719,146,81071.04,81050.45,81065.11,0.200527,0.209826,0.432485,0.435442,0.373429,0.190000,0.200000,0.800000,0.810000,0.232485,0.204111,0.028374,0,0.235442,0.207041,0.028401,0,0.173429,0.145212,0.028217,0
2026-05-07T05:57:35.369Z,1778133454000,1778133454408,1778133455369,1778133455369,144631,145,81071.04,81050.09,81065.11,0.200527,0.209826,0.432235,0.435203,0.370821,0.190000,0.200000,0.800000,0.810000,0.232235,0.207974,0.024260,0,0.235203,0.210910,0.024292,0,0.170821,0.149063,0.021758,0
2026-05-07T05:57:36.411Z,1778133455000,1778133454408,1778133456411,1778133456411,143589,144,81071.04,81048.11,81065.11,0.200527,0.209826,0.431992,0.434971,0.358647,0.190000,0.200000,0.800000,0.810000,0.231992,0.211833,0.020159,0,0.234971,0.214775,0.020196,0,0.158647,0.152714,0.005933,0
2026-05-07T05:57:37.427Z,1778133456000,1778133456421,1778133457427,1778133457427,142573,143,81071.04,81047.60,81065.11,0.200527,0.209826,0.431753,0.434742,0.355148,0.190000,0.200000,0.800000,0.810000,0.231753,0.214684,0.017069,0,0.234742,0.217633,0.017109,0,0.155148,0.154179,0.000969,0
2026-05-07T05:57:38.515Z,1778133457000,1778133458409,1778133458515,1778133458515,141485,141,81071.04,81048.10,81065.11,0.200527,0.209826,0.431495,0.434495,0.357576,0.190000,0.200000,0.800000,0.810000,0.231495,0.217518,0.013976,0,0.234495,0.220474,0.014021,0,0.157576,0.155277,0.002298,0
2026-05-07T05:57:39.114Z,1778133458000,1778133458409,1778133459114,1778133459114,140886,141,81071.04,81048.06,81065.11,0.200527,0.209826,0.431351,0.434357,0.357039,0.190000,0.200000,0.800000,0.810000,0.231351,0.220349,0.011002,0,0.234357,0.223312,0.011045,0,0.157039,0.156536,0.000503,0
2026-05-07T05:57:40.058Z,1778133459000,1778133458409,1778133460058,1778133460058,139942,140,81071.04,81047.21,81065.11,0.200527,0.209826,0.431123,0.434139,0.351541,0.190000,0.200000,0.800000,0.810000,0.231123,0.223187,0.007936,0,0.234139,0.226157,0.007982,0,0.151541,0.157754,-0.006212,0
2026-05-07T05:57:41.155Z,1778133460000,1778133460175,1778133461155,1778133461155,138845,139,81071.04,81047.21,81065.11,0.200527,0.209826,0.430854,0.433882,0.350988,0.190000,0.200000,0.800000,0.810000,0.230854,0.226024,0.004831,0,0.233882,0.229001,0.004881,0,0.150988,0.158515,-0.007527,0
2026-05-07T05:57:42.218Z,1778133461000,1778133460175,1778133462218,1778133462218,137782,138,81071.04,81047.21,81065.11,0.200527,0.209826,0.430592,0.433631,0.350450,0.190000,0.200000,0.800000,0.810000,0.230592,0.228848,0.001744,0,0.233631,0.231833,0.001798,0,0.150450,0.159247,-0.008797,0
2026-05-07T05:57:43.190Z,1778133462000,1778133460175,1778133463190,1778133463190,136810,137,81071.04,81047.19,81065.11,0.200527,0.209826,0.430348,0.433398,0.349798,0.190000,0.200000,0.800000,0.810000,0.230348,0.231645,-0.001297,0,0.233398,0.234639,-0.001241,0,0.149798,0.159924,-0.010126,0
2026-05-07T05:57:44.238Z,1778133463000,1778133463370,1778133464238,1778133464238,135762,136,81071.04,81049.81,81065.11,0.200527,0.209826,0.430084,0.433145,0.365104,0.190000,0.200000,0.800000,0.810000,0.230084,0.231423,-0.001339,0,0.233145,0.234426,-0.001281,0,0.165104,0.157544,0.007560,0
2026-05-07T05:57:45.197Z,1778133464000,1778133463370,1778133465197,1778133465197,134803,135,81071.04,81045.88,81065.11,0.200527,0.209826,0.429838,0.432910,0.340909,0.190000,0.200000,0.800000,0.810000,0.229838,0.231183,-0.001344,0,0.232910,0.234196,-0.001286,0,0.140909,0.156711,-0.015803,0
2026-05-07T05:57:46.265Z,1778133465000,1778133463370,1778133466265,1778133466265,133735,134,81071.04,81049.57,81065.11,0.200527,0.209826,0.429562,0.432646,0.362675,0.190000,0.200000,0.800000,0.810000,0.229562,0.230943,-0.001381,0,0.232646,0.233967,-0.001321,0,0.162675,0.153720,0.008955,0
2026-05-07T05:57:46.626Z,1778133465000,1778133466357,1778133466626,1778133466626,133374,133,81071.04,81049.57,81065.11,0.200527,0.209826,0.429468,0.432556,0.362497,0.180000,0.190000,0.810000,0.820000,0.239468,0.230700,0.008768,0,0.242556,0.233735,0.008822,0,0.172497,0.154123,0.018375,0
2026-05-07T05:57:47.271Z,1778133466000,1778133466357,1778133467271,1778133467271,132729,133,81071.04,81048.81,81065.11,0.200527,0.209826,0.429299,0.432394,0.357486,0.180000,0.190000,0.810000,0.820000,0.239299,0.231472,0.007828,0,0.242394,0.234516,0.007878,0,0.167486,0.155858,0.011628,0
2026-05-07T05:57:48.278Z,1778133467000,1778133467308,1778133468278,1778133468278,131722,132,81071.04,81048.76,81065.11,0.200527,0.209826,0.429033,0.432140,0.356700,0.180000,0.190000,0.810000,0.820000,0.239033,0.232252,0.006781,0,0.242140,0.235306,0.006834,0,0.166700,0.156849,0.009852,0
2026-05-07T05:57:49.372Z,1778133468000,1778133468333,1778133469372,1778133469372,130628,131,81071.04,81048.70,81065.11,0.200527,0.209826,0.428740,0.431859,0.355774,0.180000,0.190000,0.810000,0.820000,0.238740,0.233020,0.005720,0,0.241859,0.236084,0.005775,0,0.165774,0.157815,0.007960,0
2026-05-07T05:57:49.877Z,1778133468000,1778133468333,1778133469877,1778133469877,130123,130,81071.04,81048.70,81065.11,0.200527,0.209826,0.428604,0.431729,0.355508,0.170000,0.190000,0.810000,0.830000,0.238604,0.233782,0.004822,0,0.241729,0.236856,0.004873,0,0.165508,0.159238,0.006270,0
2026-05-07T05:57:50.449Z,1778133469000,1778133468333,1778133470449,1778133470449,129551,130,81071.04,81048.72,81065.11,0.200527,0.209826,0.428449,0.431580,0.355278,0.170000,0.190000,0.810000,0.830000,0.238449,0.234557,0.003892,0,0.241580,0.237641,0.003939,0,0.165278,0.160690,0.004588,0
2026-05-07T05:57:50.974Z,1778133470000,1778133468333,1778133470974,1778133470974,129026,129,81071.04,81048.71,81065.11,0.200527,0.209826,0.428305,0.431443,0.354936,0.170000,0.190000,0.810000,0.830000,0.238305,0.235343,0.002962,0,0.241443,0.238436,0.003007,0,0.164936,0.162173,0.002763,0
2026-05-07T05:57:51.379Z,1778133470000,1778133468333,1778133471379,1778133471379,128621,129,81071.04,81048.71,81065.11,0.200527,0.209826,0.428194,0.431336,0.354719,0.170000,0.180000,0.820000,0.830000,0.248194,0.236138,0.012055,0,0.251336,0.239240,0.012096,0,0.174719,0.163687,0.011032,0
2026-05-07T05:57:52.516Z,1778133471000,1778133472422,1778133472516,1778133472516,127484,127,81071.04,81048.60,81065.11,0.200527,0.209826,0.427879,0.431035,0.353451,0.170000,0.180000,0.820000,0.830000,0.247879,0.237949,0.009929,0,0.251035,0.241059,0.009975,0,0.173451,0.164648,0.008803,0
2026-05-07T05:57:53.024Z,1778133472000,1778133472422,1778133473024,1778133473024,126976,127,81071.04,81048.83,81065.11,0.200527,0.209826,0.427736,0.430899,0.354588,0.170000,0.180000,0.820000,0.830000,0.247736,0.239753,0.007983,0,0.250899,0.242872,0.008027,0,0.174588,0.167902,0.006686,0
2026-05-07T05:57:53.773Z,1778133472000,1778133473408,1778133473773,1778133473773,126227,126,81071.04,81048.83,81065.11,0.200527,0.209826,0.427525,0.430696,0.354178,0.150000,0.180000,0.820000,0.850000,0.247525,0.241571,0.005954,0,0.250696,0.244697,0.005999,0,0.174178,0.169094,0.005084,0
2026-05-07T05:57:54.086Z,1778133473000,1778133473408,1778133474086,1778133474086,125914,126,81071.04,81049.33,81065.11,0.200527,0.209826,0.427436,0.430611,0.357124,0.150000,0.180000,0.820000,0.850000,0.247436,0.242376,0.005060,0,0.250611,0.245511,0.005100,0,0.177124,0.169262,0.007863,0
2026-05-07T05:57:54.708Z,1778133473000,1778133474422,1778133474708,1778133474708,125292,125,81071.04,81049.33,81065.11,0.200527,0.209826,0.427259,0.430442,0.356787,0.150000,0.160000,0.840000,0.850000,0.267259,0.243190,0.024069,0,0.270442,0.246333,0.024109,0,0.196787,0.170226,0.026561,0
2026-05-07T05:57:55.130Z,1778133474000,1778133474422,1778133475130,1778133475130,124870,125,81071.04,81048.88,81065.11,0.200527,0.209826,0.427138,0.430326,0.353765,0.150000,0.160000,0.840000,0.850000,0.267138,0.246013,0.021125,0,0.270326,0.249163,0.021163,0,0.193765,0.173234,0.020531,0
2026-05-07T05:57:56.223Z,1778133475000,1778133475431,1778133476223,1778133476223,123777,124,81071.04,81047.25,81065.11,0.200527,0.209826,0.426821,0.430023,0.342883,0.150000,0.160000,0.840000,0.850000,0.266821,0.248852,0.017968,0,0.270023,0.252010,0.018013,0,0.182883,0.176033,0.006850,0
2026-05-07T05:57:57.240Z,1778133476000,1778133476423,1778133477240,1778133477240,122760,123,81071.04,81047.25,81065.11,0.200527,0.209826,0.426522,0.429737,0.342257,0.150000,0.160000,0.840000,0.850000,0.266522,0.251674,0.014848,0,0.269737,0.254839,0.014898,0,0.182257,0.177771,0.004486,0
2026-05-07T05:57:58.295Z,1778133477000,1778133477423,1778133478295,1778133478295,121705,122,81071.04,81047.25,81065.11,0.200527,0.209826,0.426209,0.429437,0.341613,0.150000,0.160000,0.840000,0.850000,0.266209,0.254481,0.011728,0,0.269437,0.257655,0.011782,0,0.181613,0.179469,0.002144,0
2026-05-07T05:57:58.887Z,1778133477000,1778133478427,1778133478887,1778133478887,121113,121,81071.04,81047.25,81065.11,0.200527,0.209826,0.426031,0.429267,0.341248,0.130000,0.160000,0.840000,0.870000,0.266031,0.257272,0.008759,0,0.269267,0.260454,0.008813,0,0.181248,0.181136,0.000111,0
2026-05-07T05:57:59.787Z,1778133478000,1778133479417,1778133479787,1778133479787,120213,120,81071.04,81047.24,81065.11,0.200527,0.209826,0.425759,0.429006,0.340682,0.130000,0.140000,0.860000,0.870000,0.285759,0.259056,0.026703,0,0.289006,0.262247,0.026759,0,0.200682,0.181789,0.018893,0
2026-05-07T05:58:00.378Z,1778133479000,1778133479417,1778133480378,1778133480378,119622,120,81071.04,81047.25,81065.11,0.200527,0.209826,0.425578,0.428833,0.340317,0.130000,0.140000,0.860000,0.870000,0.285578,0.262844,0.022734,0,0.288833,0.266044,0.022789,0,0.200317,0.184512,0.015805,0
2026-05-07T05:58:01.050Z,1778133480000,1778133480334,1778133481050,1778133481050,118950,119,81071.04,81047.25,81065.11,0.200527,0.209826,0.425371,0.428635,0.339893,0.130000,0.140000,0.860000,0.870000,0.285371,0.266628,0.018743,0,0.288635,0.269838,0.018797,0,0.199893,0.187085,0.012807,0
2026-05-07T05:58:01.844Z,1778133480000,1778133481417,1778133481844,1778133481844,118156,118,81071.04,81047.25,81065.11,0.200527,0.209826,0.425124,0.428399,0.339386,0.120000,0.140000,0.860000,0.880000,0.285124,0.270412,0.014712,0,0.288399,0.273632,0.014767,0,0.199386,0.189657,0.009730,0
2026-05-07T05:58:02.098Z,1778133481000,1778133481417,1778133482098,1778133482098,117902,118,81071.04,81047.24,81065.11,0.200527,0.209826,0.425045,0.428323,0.339208,0.120000,0.140000,0.860000,0.880000,0.285045,0.274181,0.010863,0,0.288323,0.277410,0.010912,0,0.199208,0.191883,0.007325,0
2026-05-07T05:58:03.184Z,1778133482000,1778133482408,1778133483184,1778133483184,116816,117,81071.04,81047.05,81065.11,0.200527,0.209826,0.424702,0.427995,0.337295,0.090000,0.100000,0.900000,0.910000,0.324702,0.275960,0.048742,1,0.327995,0.279199,0.048796,1,0.237295,0.192125,0.045170,1
2026-05-07T05:58:04.255Z,1778133483000,1778133483408,1778133484255,1778133484255,115745,116,81071.04,81046.72,81063.49,0.200527,0.209826,0.404091,0.408257,0.334436,0.090000,0.100000,0.900000,0.910000,0.304091,0.281716,0.022374,0,0.308257,0.284965,0.023291,0,0.234436,0.196478,0.037958,1
2026-05-07T05:58:05.272Z,1778133484000,1778133484362,1778133485272,1778133485272,114728,115,81071.04,81045.64,81063.49,0.200527,0.209826,0.403675,0.407859,0.326836,0.090000,0.100000,0.900000,0.910000,0.303675,0.285443,0.018232,0,0.307859,0.288789,0.019070,0,0.226836,0.201633,0.025203,0
2026-05-07T05:58:06.304Z,1778133485000,1778133485311,1778133486304,1778133486304,113696,114,81071.04,81041.68,81063.49,0.200527,0.209826,0.403249,0.407450,0.301262,0.090000,0.100000,0.900000,0.910000,0.303249,0.289159,0.014090,0,0.307450,0.292601,0.014849,0,0.201262,0.206091,-0.004830,0
2026-05-07T05:58:08.620Z,1778133487000,1778133488417,1778133488620,1778133488620,111380,111,81071.04,81045.03,81063.49,0.200527,0.209826,0.402270,0.406512,0.320552,0.080000,0.090000,0.910000,0.920000,0.312270,0.292862,0.019407,0,0.316512,0.296402,0.020110,0,0.230552,0.208056,0.022496,0
2026-05-07T05:58:09.264Z,1778133488000,1778133488417,1778133489264,1778133489264,110736,111,81071.04,81045.03,81063.49,0.200527,0.209826,0.401992,0.406246,0.320069,0.080000,0.090000,0.910000,0.920000,0.311992,0.297486,0.014506,0,0.316246,0.301127,0.015119,0,0.230069,0.212987,0.017082,0
2026-05-07T05:58:10.414Z,1778133489000,1778133488417,1778133490414,1778133490414,109586,110,81071.04,81044.93,81063.49,0.200527,0.209826,0.401490,0.405765,0.318517,0.080000,0.090000,0.910000,0.920000,0.311490,0.300110,0.011381,0,0.315765,0.303851,0.011915,0,0.228517,0.215925,0.012592,0
2026-05-07T05:58:11.057Z,1778133490000,1778133490358,1778133491057,1778133491057,108943,109,81071.04,81045.04,81063.49,0.200527,0.209826,0.401206,0.405493,0.318744,0.080000,0.090000,0.910000,0.920000,0.311206,0.302701,0.008506,0,0.315493,0.306544,0.008949,0,0.228744,0.218745,0.009999,0
2026-05-07T05:58:11.270Z,1778133490000,1778133490358,1778133491270,1778133491270,108730,109,81071.04,81045.04,81063.49,0.200527,0.209826,0.401112,0.405403,0.318580,0.070000,0.090000,0.910000,0.930000,0.311112,0.305284,0.005828,0,0.315403,0.309230,0.006173,0,0.228580,0.221631,0.006949,0
2026-05-07T05:58:12.208Z,1778133491000,1778133491428,1778133492208,1778133492208,107792,108,81071.04,81040.71,81063.49,0.200527,0.209826,0.400692,0.405000,0.290282,0.070000,0.090000,0.910000,0.930000,0.310692,0.307883,0.002809,0,0.315000,0.311930,0.003070,0,0.200282,0.224550,-0.024268,0
2026-05-07T05:58:12.315Z,1778133491000,1778133491428,1778133492315,1778133492315,107685,108,81071.04,81040.71,81063.49,0.200527,0.209826,0.400644,0.404954,0.290188,0.070000,0.080000,0.920000,0.930000,0.320644,0.310448,0.010196,0,0.324954,0.314598,0.010356,0,0.210188,0.224657,-0.014469,0
2026-05-07T05:58:12.586Z,1778133491000,1778133492408,1778133492586,1778133492586,107414,107,81071.04,81040.71,81063.49,0.200527,0.209826,0.400521,0.404837,0.289950,0.080000,0.100000,0.900000,0.920000,0.300521,0.310042,-0.009521,0,0.304837,0.314294,-0.009457,0,0.189950,0.221947,-0.031997,0
2026-05-07T05:58:13.221Z,1778133492000,1778133492408,1778133493221,1778133493221,106779,107,81071.04,81045.62,81063.49,0.200527,0.209826,0.400233,0.404560,0.320833,0.080000,0.100000,0.900000,0.920000,0.300233,0.309685,-0.009452,0,0.304560,0.313952,-0.009392,0,0.220833,0.217498,0.003335,0
2026-05-07T05:58:14.464Z,1778133493000,1778133494408,1778133494464,1778133494464,105536,106,81071.04,81045.66,81063.49,0.200527,0.209826,0.399660,0.404012,0.320117,0.080000,0.100000,0.900000,0.920000,0.299660,0.309341,-0.009681,0,0.304012,0.313622,-0.009610,0,0.220117,0.216898,0.003219,0
2026-05-07T05:58:14.920Z,1778133493000,1778133494408,1778133494920,1778133494920,105080,105,81071.04,81045.66,81063.49,0.200527,0.209826,0.399448,0.403808,0.319755,0.080000,0.090000,0.910000,0.920000,0.309448,0.308982,0.000466,0,0.313808,0.313278,0.000530,0,0.229755,0.218783,0.010972,0
2026-05-07T05:58:15.515Z,1778133494000,1778133494408,1778133495515,1778133495515,104485,104,81071.04,81045.61,81063.49,0.200527,0.209826,0.399168,0.403540,0.318952,0.080000,0.090000,0.910000,0.920000,0.309168,0.308700,0.000469,0,0.313540,0.313008,0.000532,0,0.228952,0.218704,0.010249,0
2026-05-07T05:58:16.185Z,1778133495000,1778133494408,1778133496185,1778133496185,103815,104,81071.04,81045.49,81063.49,0.200527,0.209826,0.398851,0.403236,0.317651,0.080000,0.090000,0.910000,0.920000,0.308851,0.308418,0.000434,0,0.313236,0.312737,0.000499,0,0.227651,0.218592,0.009059,0
2026-05-07T05:58:17.181Z,1778133496000,1778133496383,1778133497181,1778133497181,102819,103,81071.04,81045.98,81063.49,0.200527,0.209826,0.398374,0.402779,0.320074,0.080000,0.090000,0.910000,0.920000,0.308374,0.308154,0.000220,0,0.312779,0.312484,0.000294,0,0.230074,0.218505,0.011569,0
2026-05-07T05:58:18.199Z,1778133497000,1778133497426,1778133498199,1778133498199,101801,102,81071.04,81045.98,81057.01,0.200527,0.209826,0.315357,0.322961,0.319238,0.080000,0.090000,0.910000,0.920000,0.225357,0.307870,-0.082514,0,0.232961,0.312213,-0.079252,0,0.229238,0.218638,0.010600,0
2026-05-07T05:58:18.344Z,1778133497000,1778133497426,1778133498344,1778133498344,101656,102,81071.04,81045.98,81057.01,0.200527,0.209826,0.315235,0.322843,0.319119,0.070000,0.090000,0.910000,0.930000,0.225235,0.299295,-0.074060,0,0.232843,0.303969,-0.071126,0,0.229119,0.218704,0.010415,0
2026-05-07T05:58:19.397Z,1778133498000,1778133498408,1778133499397,1778133499397,100603,101,81071.04,81045.58,81057.01,0.200527,0.209826,0.314344,0.321983,0.315560,0.070000,0.090000,0.910000,0.930000,0.224344,0.290749,-0.066405,0,0.231983,0.295753,-0.063770,0,0.225560,0.221588,0.003972,0
2026-05-07T05:58:19.985Z,1778133498000,1778133499391,1778133499985,1778133499985,100015,100,81071.04,81045.58,81057.01,0.200527,0.209826,0.313841,0.321497,0.315060,0.070000,0.080000,0.920000,0.930000,0.233841,0.281119,-0.047279,0,0.241497,0.286456,-0.044959,0,0.235060,0.223125,0.011935,0
2026-05-07T05:58:20.427Z,1778133499000,1778133499391,1778133500427,1778133500427,99573,100,81071.04,81043.70,81057.01,0.200527,0.209826,0.313460,0.321129,0.302132,0.070000,0.080000,0.920000,0.930000,0.233460,0.274451,-0.040991,0,0.241129,0.280122,-0.038993,0,0.222132,0.227636,-0.005504,0
2026-05-07T05:58:21.735Z,1778133500000,1778133501333,1778133501735,1778133501735,98265,98,81071.04,81043.70,81057.01,0.200527,0.209826,0.312318,0.320027,0.300925,0.070000,0.080000,0.920000,0.930000,0.232318,0.267774,-0.035455,0,0.240027,0.273779,-0.033751,0,0.220925,0.227766,-0.006840,0
2026-05-07T05:58:22.165Z,1778133501000,1778133501333,1778133502165,1778133502165,97835,98,81071.04,81043.70,81057.01,0.200527,0.209826,0.311939,0.319661,0.300527,0.070000,0.080000,0.920000,0.930000,0.231939,0.261039,-0.029101,0,0.239661,0.267380,-0.027720,0,0.220527,0.227847,-0.007319,0
2026-05-07T05:58:23.245Z,1778133502000,1778133502372,1778133503245,1778133503245,96755,97,81071.04,81043.41,81057.01,0.200527,0.209826,0.310974,0.318730,0.297590,0.070000,0.080000,0.920000,0.930000,0.230974,0.253289,-0.022314,0,0.238730,0.259966,-0.021236,0,0.217590,0.226924,-0.009334,0
2026-05-07T05:58:24.318Z,1778133503000,1778133502372,1778133504318,1778133504318,95682,96,81071.04,81040.00,81057.01,0.200527,0.209826,0.310002,0.317790,0.274193,0.070000,0.080000,0.920000,0.930000,0.230002,0.245469,-0.015467,0,0.237790,0.252485,-0.014694,0,0.194193,0.225788,-0.031595,0
2026-05-07T05:58:25.462Z,1778133504000,1778133505427,1778133505462,1778133505462,94538,95,81071.04,81043.16,81057.01,0.200527,0.209826,0.308948,0.316772,0.293768,0.070000,0.080000,0.920000,0.930000,0.228948,0.237584,-0.008636,0,0.236772,0.244940,-0.008168,0,0.213768,0.222442,-0.008674,0
2026-05-07T05:58:26.080Z,1778133505000,1778133505427,1778133506080,1778133506080,93920,94,81071.04,81043.16,81057.01,0.200527,0.209826,0.308372,0.316215,0.293155,0.070000,0.080000,0.920000,0.930000,0.228372,0.229642,-0.001270,0,0.236215,0.237339,-0.001124,0,0.213155,0.220811,-0.007656,0
2026-05-07T05:58:27.304Z,1778133506000,1778133506423,1778133507304,1778133507304,92696,93,81071.04,81043.33,81057.01,0.200527,0.209826,0.307214,0.315097,0.293089,0.070000,0.080000,0.920000,0.930000,0.227214,0.229943,-0.002729,0,0.235097,0.237665,-0.002568,0,0.213089,0.219203,-0.006114,0
2026-05-07T05:58:28.445Z,1778133507000,1778133508228,1778133508445,1778133508445,91555,92,81071.04,81043.34,81057.01,0.200527,0.209826,0.306116,0.314036,0.292019,0.070000,0.080000,0.920000,0.930000,0.226116,0.230141,-0.004025,0,0.234036,0.237890,-0.003854,0,0.212019,0.217600,-0.005581,0
2026-05-07T05:58:29.024Z,1778133508000,1778133508228,1778133509024,1778133509024,90976,91,81071.04,81043.34,81057.01,0.200527,0.209826,0.305552,0.313491,0.291429,0.070000,0.080000,0.920000,0.930000,0.225552,0.230318,-0.004767,0,0.233491,0.238096,-0.004605,0,0.211429,0.216246,-0.004817,0
2026-05-07T05:58:30.223Z,1778133509000,1778133509420,1778133510223,1778133510223,89777,90,81071.04,81043.46,81057.01,0.200527,0.209826,0.304367,0.312346,0.290973,0.070000,0.080000,0.920000,0.930000,0.224367,0.229489,-0.005122,0,0.232346,0.237295,-0.004949,0,0.210973,0.213883,-0.002910,0
2026-05-07T05:58:31.374Z,1778133510000,1778133510383,1778133511374,1778133511374,88626,89,81071.04,81043.56,81057.01,0.200527,0.209826,0.303209,0.311227,0.290443,0.070000,0.080000,0.920000,0.930000,0.223209,0.228580,-0.005371,0,0.231227,0.236417,-0.005190,0,0.210443,0.212767,-0.002324,0
2026-05-07T05:58:32.540Z,1778133511000,1778133512334,1778133512540,1778133512540,87460,87,81071.04,81043.63,81057.01,0.200527,0.209826,0.302015,0.310072,0.289655,0.070000,0.080000,0.920000,0.930000,0.222015,0.227669,-0.005654,0,0.230072,0.235536,-0.005464,0,0.209655,0.211719,-0.002064,0
2026-05-07T05:58:33.024Z,1778133512000,1778133512334,1778133513024,1778133513024,86976,87,81071.04,81043.57,81057.01,0.200527,0.209826,0.301513,0.309587,0.288726,0.070000,0.080000,0.920000,0.930000,0.221513,0.226677,-0.005164,0,0.229587,0.234578,-0.004991,0,0.208726,0.210631,-0.001906,0
2026-05-07T05:58:34.171Z,1778133513000,1778133513292,1778133514171,1778133514171,85829,86,81071.04,81042.98,81057.01,0.200527,0.209826,0.300308,0.308422,0.283347,0.070000,0.080000,0.920000,0.930000,0.220308,0.225731,-0.005423,0,0.228422,0.233663,-0.005242,0,0.203347,0.209745,-0.006398,0
2026-05-07T05:58:35.470Z,1778133514000,1778133515310,1778133515470,1778133515470,84530,85,81071.04,81042.63,81057.01,0.200527,0.209826,0.298917,0.307076,0.279436,0.070000,0.080000,0.920000,0.930000,0.218917,0.224761,-0.005845,0,0.227076,0.232727,-0.005651,0,0.199436,0.210660,-0.011225,0
2026-05-07T05:58:35.901Z,1778133514000,1778133515310,1778133515901,1778133515901,84099,84,81071.04,81042.63,81057.01,0.200527,0.209826,0.298448,0.306623,0.278933,0.060000,0.080000,0.920000,0.940000,0.218448,0.223758,-0.005310,0,0.226623,0.231757,-0.005134,0,0.198933,0.209227,-0.010294,0
2026-05-07T05:58:45.243Z,1778133524000,1778133524431,1778133525243,1778133525243,74757,75,81071.04,81043.31,81057.01,0.200527,0.209826,0.287426,0.295953,0.272111,0.040000,0.050000,0.950000,0.960000,0.237426,0.222766,0.014660,0,0.245953,0.230798,0.015155,0,0.222111,0.207805,0.014306,0
2026-05-07T05:58:48.929Z,1778133527000,1778133528418,1778133528929,1778133528929,71071,71,81071.04,81043.31,81057.01,0.200527,0.209826,0.282553,0.291230,0.266986,0.040000,0.050000,0.950000,0.960000,0.232553,0.223787,0.008765,0,0.241230,0.231883,0.009347,0,0.216986,0.208707,0.008279,0
2026-05-07T05:58:49.844Z,1778133528000,1778133529418,1778133529844,1778133529844,70156,70,81071.04,81043.31,81057.01,0.200527,0.209826,0.281290,0.290006,0.265656,0.040000,0.050000,0.950000,0.960000,0.231290,0.224431,0.006859,0,0.240006,0.232603,0.007404,0,0.215656,0.209204,0.006452,0
2026-05-07T05:58:50.805Z,1778133529000,1778133530417,1778133530805,1778133530805,69195,69,81071.04,81043.31,81057.01,0.200527,0.209826,0.279941,0.288697,0.264234,0.040000,0.060000,0.940000,0.960000,0.219941,0.225005,-0.005064,0,0.228697,0.233254,-0.004557,0,0.204234,0.209626,-0.005392,0
2026-05-07T05:58:51.776Z,1778133530000,1778133530417,1778133531776,1778133531776,68224,68,81071.04,81043.31,81057.01,0.200527,0.209826,0.278552,0.287350,0.262772,0.040000,0.050000,0.950000,0.960000,0.228552,0.224562,0.003990,0,0.237350,0.232889,0.004461,0,0.212772,0.208952,0.003820,0
2026-05-07T05:58:52.699Z,1778133531000,1778133532413,1778133532699,1778133532699,67301,67,81071.04,81045.94,81061.65,0.200527,0.209826,0.346298,0.352779,0.281412,0.060000,0.080000,0.920000,0.940000,0.266298,0.225096,0.041202,1,0.272779,0.233502,0.039278,1,0.201412,0.209185,-0.007774,0
2026-05-07T05:58:53.709Z,1778133532000,1778133533333,1778133533709,1778133533709,66291,66,81071.04,81045.74,81061.65,0.200527,0.209826,0.345193,0.351715,0.278373,0.070000,0.080000,0.920000,0.930000,0.265193,0.229525,0.035668,1,0.271715,0.237772,0.033943,1,0.198373,0.208361,-0.009988,0
2026-05-07T05:58:54.719Z,1778133533000,1778133534427,1778133534719,1778133534719,65281,65,81071.04,81045.51,81061.65,0.200527,0.209826,0.344063,0.350628,0.275035,0.070000,0.080000,0.920000,0.930000,0.264063,0.233892,0.030170,1,0.270628,0.241985,0.028643,0,0.195035,0.207326,-0.012291,0
2026-05-07T05:58:55.643Z,1778133534000,1778133535192,1778133535643,1778133535643,64357,64,81071.04,81045.51,81061.65,0.200527,0.209826,0.343007,0.349613,0.273611,0.070000,0.080000,0.920000,0.930000,0.263007,0.238268,0.024739,0,0.269613,0.246206,0.023407,0,0.193611,0.206495,-0.012883,0
2026-05-07T05:58:56.445Z,1778133535000,1778133535192,1778133536445,1778133536445,63555,64,81071.04,81045.80,81061.65,0.200527,0.209826,0.342074,0.348714,0.274679,0.070000,0.080000,0.920000,0.930000,0.262074,0.242677,0.019397,0,0.268714,0.250459,0.018255,0,0.194679,0.205912,-0.011234,0
2026-05-07T05:58:57.226Z,1778133536000,1778133535192,1778133537226,1778133537226,62774,63,81071.04,81045.52,81061.65,0.200527,0.209826,0.341148,0.347823,0.271192,0.070000,0.080000,0.920000,0.930000,0.261148,0.247039,0.014109,0,0.267823,0.254669,0.013155,0,0.191192,0.205487,-0.014295,0
2026-05-07T05:58:58.746Z,1778133537000,1778133538222,1778133538746,1778133538746,61254,61,81071.04,81046.81,81061.65,0.200527,0.209826,0.339300,0.346043,0.279144,0.070000,0.080000,0.920000,0.930000,0.259300,0.249412,0.009888,0,0.266043,0.256856,0.009188,0,0.199144,0.202395,-0.003251,0
2026-05-07T05:58:59.436Z,1778133538000,1778133539333,1778133539436,1778133539436,60564,61,81071.04,81046.81,81061.65,0.200527,0.209826,0.338439,0.345215,0.278037,0.070000,0.080000,0.920000,0.930000,0.258439,0.252086,0.006352,0,0.265215,0.259337,0.005878,0,0.198037,0.200611,-0.002574,0
